id,day,"passage",sort
1,1,"Genesis 1:1-2:25",1
2,1,"Matthew 1:1-2:12",2
3,1,"Psalm 1:1-6",3
4,1,"Proverbs 1:1-6",4
5,2,"Genesis 3:1-4:26",1
6,2,"Matthew 2:13-3:6",2
7,2,"Psalm 2:1-12",3
8,2,"Proverbs 1:7-9",4
9,3,"Genesis 5:1-7:24",1
10,3,"Matthew 3:7-4:11",2
11,3,"Psalm 3:1-8",3
12,3,"Proverbs 1:10-19",4
13,4,"Genesis 8:1-10:32",1
14,4,"Matthew 4:12-25",2
15,4,"Psalm 4:1-8",3
16,4,"Proverbs 1:20-23",4
17,5,"Genesis 11:1-13:4",1
18,5,"Matthew 5:1-26",2
19,5,"Psalm 5:1-12",3
20,5,"Proverbs 1:24-28",4
21,6,"Genesis 13:5-15:21",1
22,6,"Matthew 5:27-48",2
23,6,"Psalm 6:1-10",3
24,6,"Proverbs 1:29-33",4
25,7,"Genesis 16:1-18:15",1
26,7,"Matthew 6:1-24",2
27,7,"Psalm 7:1-17",3
28,7,"Proverbs 2:1-5",4
29,8,"Genesis 18:16-19:38",1
30,8,"Matthew 6:25-7:14",2
31,8,"Psalm 8:1-9",3
32,8,"Proverbs 2:6-15",4
33,9,"Genesis 20:1-22:24",1
34,9,"Matthew 7:15-29",2
35,9,"Psalm 9:1-12",3
36,9,"Proverbs 2:16-22",4
37,10,"Genesis 23:1-24:51",1
38,10,"Matthew 8:1-17",2
39,10,"Psalm 9:13-20",3
40,10,"Proverbs 3:1-6",4
41,11,"Genesis 24:52-26:16",1
42,11,"Matthew 8:18-34",2
43,11,"Psalm 10:1-15",3
44,11,"Proverbs 3:7-8",4
45,12,"Genesis 26:17-27:46",1
46,12,"Matthew 9:1-17",2
47,12,"Psalm 10:16-18",3
48,12,"Proverbs 3:9-10",4
49,13,"Genesis 28:1-29:35",1
50,13,"Matthew 9:18-38",2
51,13,"Psalm 11:1-7",3
52,13,"Proverbs 3:11-12",4
53,14,"Genesis 30:1-31:16",1
54,14,"Matthew 10:1-23",2
55,14,"Psalm 12:1-8",3
56,14,"Proverbs 3:13-15",4
57,15,"Genesis 31:17-32:12",1
58,15,"Matthew 10:24-11:6",2
59,15,"Psalm 13:1-6",3
60,15,"Proverbs 3:16-18",4
61,16,"Genesis 32:13-34:31",1
62,16,"Matthew 11:7-30",2
63,16,"Psalm 14:1-7",3
64,16,"Proverbs 3:19-20",4
65,17,"Genesis 35:1-36:43",1
66,17,"Matthew 12:1-21",2
67,17,"Psalm 15:1-5",3
68,17,"Proverbs 3:21-26",4
69,18,"Genesis 37:1-38:30",1
70,18,"Matthew 12:22-45",2
71,18,"Psalm 16:1-11",3
72,18,"Proverbs 3:27-32",4
73,19,"Genesis 39:1-41:16",1
74,19,"Matthew 12:46-13:23",2
75,19,"Psalm 17:1-15",3
76,19,"Proverbs 3:33-35",4
77,20,"Genesis 41:17-42:17",1
78,20,"Matthew 13:24-46",2
79,20,"Psalm 18:1-15",3
80,20,"Proverbs 4:1-6",4
81,21,"Genesis 42:18-43:34",1
82,21,"Matthew 13:47-14:12",2
83,21,"Psalm 18:16-36",3
84,21,"Proverbs 4:7-10",4
85,22,"Genesis 44:1-45:28",1
86,22,"Matthew 14:13-36",2
87,22,"Psalm 18:37-50",3
88,22,"Proverbs 4:11-13",4
89,23,"Genesis 46:1-47:31",1
90,23,"Matthew 15:1-28",2
91,23,"Psalm 19:1-14",3
92,23,"Proverbs 4:14-19",4
93,24,"Genesis 48:1-49:33",1
94,24,"Matthew 15:29-16:12",2
95,24,"Psalm 20:1-9",3
96,24,"Proverbs 4:20-27",4
97,25,"Genesis 50:1 - Exodus 2:10",1
98,25,"Matthew 16:13-17:9",2
99,25,"Psalm 21:1-13",3
100,25,"Proverbs 5:1-6",4
101,26,"Exodus 2:11-3:22",1
102,26,"Matthew 17:10-27",2
103,26,"Psalm 22:1-18",3
104,26,"Proverbs 5:7-14",4
105,27,"Exodus 4:1-5:21",1
106,27,"Matthew 18:1-20",2
107,27,"Psalm 22:19-31",3
108,27,"Proverbs 5:15-21",4
109,28,"Exodus 5:22-7:25",1
110,28,"Matthew 18:21-19:12",2
111,28,"Psalm 23:1-6",3
112,28,"Proverbs 5:22-23",4
113,29,"Exodus 8:1-9:35",1
114,29,"Matthew 19:13-30",2
115,29,"Psalm 24:1-10",3
116,29,"Proverbs 6:1-5",4
117,30,"Exodus 10:1-12:13",1
118,30,"Matthew 20:1-28",2
119,30,"Psalm 25:1-15",3
120,30,"Proverbs 6:6-11",4
121,31,"Exodus 12:14-13:16",1
122,31,"Matthew 20:29-21:22",2
123,31,"Psalm 25:16-22",3
124,31,"Proverbs 6:12-15",4
125,32,"Exodus 13:17-15:18",1
126,32,"Matthew 21:23-46",2
127,32,"Psalm 26:1-12",3
128,32,"Proverbs 6:16-19",4
129,33,"Exodus 15:19-17:7",1
130,33,"Matthew 22:1-33",2
131,33,"Psalm 27:1-6",3
132,33,"Proverbs 6:20-26",4
133,34,"Exodus 17:8-19:15",1
134,34,"Matthew 22:34-23:12",2
135,34,"Psalm 27:7-14",3
136,34,"Proverbs 6:27-35",4
137,35,"Exodus 19:16-21:21",1
138,35,"Matthew 23:13-39",2
139,35,"Psalm 28:1-9",3
140,35,"Proverbs 7:1-5",4
141,36,"Exodus 21:22-23:13",1
142,36,"Matthew 24:1-28",2
143,36,"Psalm 29:1-11",3
144,36,"Proverbs 7:6-23",4
145,37,"Exodus 23:14-25:40",1
146,37,"Matthew 24:29-51",2
147,37,"Psalm 30:1-12",3
148,37,"Proverbs 7:24-27",4
149,38,"Exodus 26:1-27:21",1
150,38,"Matthew 25:1-30",2
151,38,"Psalm 31:1-8",3
152,38,"Proverbs 8:1-11",4
153,39,"Exodus 28:1-43",1
154,39,"Matthew 25:31-26:13",2
155,39,"Psalm 31:9-18",3
156,39,"Proverbs 8:12-13",4
157,40,"Exodus 29:1-30:10",1
158,40,"Matthew 26:14-46",2
159,40,"Psalm 31:19-24",3
160,40,"Proverbs 8:14-26",4
161,41,"Exodus 30:11-31:18",1
162,41,"Matthew 26:47-68",2
163,41,"Psalm 32:1-11",3
164,41,"Proverbs 8:27-32",4
165,42,"Exodus 32:1-33:23",1
166,42,"Matthew 26:69-27:14",2
167,42,"Psalm 33:1-11",3
168,42,"Proverbs 8:33-36",4
169,43,"Exodus 34:1-35:9",1
170,43,"Matthew 27:15-31",2
171,43,"Psalm 33:12-22",3
172,43,"Proverbs 9:1-6",4
173,44,"Exodus 35:10-36:38",1
174,44,"Matthew 27:32-66",2
175,44,"Psalm 34:1-10",3
176,44,"Proverbs 9:7-8",4
177,45,"Exodus 37:1-38:31",1
178,45,"Matthew 28:1-20",2
179,45,"Psalm 34:11-22",3
180,45,"Proverbs 9:9-10",4
181,46,"Exodus 39:1-40:38",1
182,46,"Mark 1:1-28",2
183,46,"Psalm 35:1-16",3
184,46,"Proverbs 9:11-12",4
185,47,"Leviticus 1:1-3:17",1
186,47,"Mark 1:29-2:12",2
187,47,"Psalm 35:17-28",3
188,47,"Proverbs 9:13-18",4
189,48,"Leviticus 4:1-5:19",1
190,48,"Mark 2:13-3:6",2
191,48,"Psalm 36:1-12",3
192,48,"Proverbs 10:1-2",4
193,49,"Leviticus 6:1-7:27",1
194,49,"Mark 3:7-30",2
195,49,"Psalm 37:1-11",3
196,49,"Proverbs 10:3-4",4
197,50,"Leviticus 7:28-9:6",1
198,50,"Mark 3:31-4:25",2
199,50,"Psalm 37:12-29",3
200,50,"Proverbs 10:5",4
201,51,"Leviticus 9:7-10:20",1
202,51,"Mark 4:26-5:20",2
203,51,"Psalm 37:30-40",3
204,51,"Proverbs 10:6-7",4
205,52,"Leviticus 11:1-12:8",1
206,52,"Mark 5:21-43",2
207,52,"Psalm 38:1-22",3
208,52,"Proverbs 10:8-9",4
209,53,"Leviticus 13:1-59",1
210,53,"Mark 6:1-29",2
211,53,"Psalm 39:1-13",3
212,53,"Proverbs 10:10",4
213,54,"Leviticus 14:1-57",1
214,54,"Mark 6:30-56",2
215,54,"Psalm 40:1-10",3
216,54,"Proverbs 10:11-12",4
217,55,"Leviticus 15:1-16:28",1
218,55,"Mark 7:1-23",2
219,55,"Psalm 40:11-17",3
220,55,"Proverbs 10:13-14",4
221,56,"Leviticus 16:29-18:30",1
222,56,"Mark 7:24-8:10",2
223,56,"Psalm 41:1-13",3
224,56,"Proverbs 10:15-16",4
225,57,"Leviticus 19:1-20:21",1
226,57,"Mark 8:11-38",2
227,57,"Psalm 42:1-11",3
228,57,"Proverbs 10:17",4
229,58,"Leviticus 20:22-22:16",1
230,58,"Mark 9:1-29",2
231,58,"Psalm 43:1-5",3
232,58,"Proverbs 10:18",4
233,59,"Leviticus 22:17-23:44",1
234,59,"Mark 9:30-10:12",2
235,59,"Psalm 44:1-8",3
236,59,"Proverbs 10:19",4
237,60,"Leviticus 24:1-25:46",1
238,60,"Mark 10:13-31",2
239,60,"Psalm 44:9-26",3
240,60,"Proverbs 10:20-21",4
241,61,"Leviticus 25:47-27:13",1
242,61,"Mark 10:32-52",2
243,61,"Psalm 45:1-17",3
244,61,"Proverbs 10:22",4
245,62,"Leviticus 27:14-Numbers 1:54",1
246,62,"Mark 11:1-26",2
247,62,"Psalm 46:1-11",3
248,62,"Proverbs 10:23",4
249,63,"Numbers 2:1-3:51",1
250,63,"Mark 11:27-12:17",2
251,63,"Psalm 47:1-9",3
252,63,"Proverbs 10:24-25",4
253,64,"Numbers 4:1-5:31",1
254,64,"Mark 12:18-37",2
255,64,"Psalm 48:1-14",3
256,64,"Proverbs 10:26",4
257,65,"Numbers 6:1-7:89",1
258,65,"Mark 12:38-13:13",2
259,65,"Psalm 49:1-20",3
260,65,"Proverbs 10:27-28",4
261,66,"Numbers 8:1-9:23",1
262,66,"Mark 13:14-37",2
263,66,"Psalm 50:1-23",3
264,66,"Proverbs 10:29-30",4
265,67,"Numbers 10:1-11:23",1
266,67,"Mark 14:1-21",2
267,67,"Psalm 51:1-19",3
268,67,"Proverbs 10:31-32",4
269,68,"Numbers 11:24-13:33",1
270,68,"Mark 14:22-52",2
271,68,"Psalm 52:1-9",3
272,68,"Proverbs 11:1-3",4
273,69,"Numbers 14:1-15:16",1
274,69,"Mark 14:53-72",2
275,69,"Psalm 53:1-6",3
276,69,"Proverbs 11:4",4
277,70,"Numbers 15:17-16:40",1
278,70,"Mark 15:1-47",2
279,70,"Psalm 54:1-7",3
280,70,"Proverbs 11:5-6",4
281,71,"Numbers 16:41-18:32",1
282,71,"Mark 16:1-20",2
283,71,"Psalm 55:1-23",3
284,71,"Proverbs 11:7",4
285,72,"Numbers 19:1-20:29",1
286,72,"Luke 1:1-25",2
287,72,"Psalm 56:1-13",3
288,72,"Proverbs 11:8",4
289,73,"Numbers 21:1-22:20",1
290,73,"Luke 1:26-56",2
291,73,"Psalm 57:1-11",3
292,73,"Proverbs 11:9-11",4
293,74,"Numbers 22:21-23:30",1
294,74,"Luke 1:57-80",2
295,74,"Psalm 58:1-11",3
296,74,"Proverbs 11:12-13",4
297,75,"Numbers 24:1-25:18",1
298,75,"Luke 2:1-35",2
299,75,"Psalm 59:1-17",3
300,75,"Proverbs 11:14",4
301,76,"Numbers 26:1-51",1
302,76,"Luke 2:36-52",2
303,76,"Psalm 60:1-12",3
304,76,"Proverbs 11:15",4
305,77,"Numbers 26:52-28:15",1
306,77,"Luke 3:1-22",2
307,77,"Psalm 61:1-8",3
308,77,"Proverbs 11:16-17",4
309,78,"Numbers 28:16-29:40",1
310,78,"Luke 3:23-38",2
311,78,"Psalm 62:1-12",3
312,78,"Proverbs 11:18-19",4
313,79,"Numbers 30:1-31:54",1
314,79,"Luke 4:1-30",2
315,79,"Psalm 63:1-11",3
316,79,"Proverbs 11:20-21",4
317,80,"Numbers 32:1-33:39",1
318,80,"Luke 4:31-5:11",2
319,80,"Psalm 64:1-10",3
320,80,"Proverbs 11:22",4
321,81,"Numbers 33:40-35:34",1
322,81,"Luke 5:12-28",2
323,81,"Psalm 65:1-13",3
324,81,"Proverbs 11:23",4
325,82,"Numbers 36:1-Deuteronomy 1:46",1
326,82,"Luke 5:29-6:11",2
327,82,"Psalm 66:1-20",3
328,82,"Proverbs 11:24-26",4
329,83,"Deuteronomy 2:1-3:29",1
330,83,"Luke 6:12-38",2
331,83,"Psalm 67:1-7",3
332,83,"Proverbs 11:27",4
333,84,"Deuteronomy 4:1-49",1
334,84,"Luke 6:39-7:10",2
335,84,"Psalm 68:1-18",3
336,84,"Proverbs 11:28",4
337,85,"Deuteronomy 5:1-6:25",1
338,85,"Luke 7:11-35",2
339,85,"Psalm 68:19-35",3
340,85,"Proverbs 11:29-31",4
341,86,"Deuteronomy 7:1-8:20",1
342,86,"Luke 7:36-8:3",2
343,86,"Psalm 69:1-18",3
344,86,"Proverbs 12:1",4
345,87,"Deuteronomy 9:1-10:22",1
346,87,"Luke 8:4-21",2
347,87,"Psalm 69:19-36",3
348,87,"Proverbs 12:2-3",4
349,88,"Deuteronomy 11:1-12:32",1
350,88,"Luke 8:22-39",2
351,88,"Psalm 70:1-5",3
352,88,"Proverbs 12:4",4
353,89,"Deuteronomy 13:1-15:23",1
354,89,"Luke 8:40-9:6",2
355,89,"Psalm 71:1-24",3
356,89,"Proverbs 12:5-7",4
357,90,"Deuteronomy 16:1-17:20",1
358,90,"Luke 9:7-27",2
359,90,"Psalm 72:1-20",3
360,90,"Proverbs 12:8-9",4
361,91,"Deuteronomy 18:1-20:20",1
362,91,"Luke 9:28-50",2
363,91,"Psalm 73:1-28",3
364,91,"Proverbs 12:10",4
365,92,"Deuteronomy 21:1-22:30",1
366,92,"Luke 9:51-10:12",2
367,92,"Psalm 74:1-23",3
368,92,"Proverbs 12:11",4
369,93,"Deuteronomy 23:1-25:19",1
370,93,"Luke 10:13-37",2
371,93,"Psalm 75:1-10",3
372,93,"Proverbs 12:12-14",4
373,94,"Deuteronomy 26:1-27:26",1
374,94,"Luke 10:38-11:13",2
375,94,"Psalm 76:1-12",3
376,94,"Proverbs 12:15-17",4
377,95,"Deuteronomy 28:1-68",1
378,95,"Luke 11:14-36",2
379,95,"Psalm 77:1-20",3
380,95,"Proverbs 12:18",4
381,96,"Deuteronomy 29:1-30:20",1
382,96,"Luke 11:37-12:7",2
383,96,"Psalm 78:1-31",3
384,96,"Proverbs 12:19-20",4
385,97,"Deuteronomy 31:1-32:27",1
386,97,"Luke 12:8-34",2
387,97,"Psalm 78:32-55",3
388,97,"Proverbs 12:21-23",4
389,98,"Deuteronomy 32:28-52",1
390,98,"Luke 12:35-59",2
391,98,"Psalm 78:56-64",3
392,98,"Proverbs 12:24",4
393,99,"Deuteronomy 33:1-29",1
394,99,"Luke 13:1-21",2
395,99,"Psalm 78:65-72",3
396,99,"Proverbs 12:25",4
397,100,"Deuteronomy 34:1-Joshua 2:24",1
398,100,"Luke 13:22-14:6",2
399,100,"Psalm 79:1-13",3
400,100,"Proverbs 12:26",4
401,101,"Joshua 3:1-4:24",1
402,101,"Luke 14:7-35",2
403,101,"Psalm 80:1-19",3
404,101,"Proverbs 12:27-28",4
405,102,"Joshua 5:1-7:15",1
406,102,"Luke 15:1-32",2
407,102,"Psalm 81:1-16",3
408,102,"Proverbs 13:1",4
409,103,"Joshua 7:16-9:2",1
410,103,"Luke 16:1-18",2
411,103,"Psalm 82:1-8",3
412,103,"Proverbs 13:2-3",4
413,104,"Joshua 9:3-10:43",1
414,104,"Luke 16:19-17:10",2
415,104,"Psalm 83:1-18",3
416,104,"Proverbs 13:4",4
417,105,"Joshua 11:1-12:24",1
418,105,"Luke 17:11-37",2
419,105,"Psalm 84:1-12",3
420,105,"Proverbs 13:5-6",4
421,106,"Joshua 13:1-14:15",1
422,106,"Luke 18:1-17",2
423,106,"Psalm 85:1-13",3
424,106,"Proverbs 13:7-8",4
425,107,"Joshua 15:1-63",1
426,107,"Luke 18:18-43",2
427,107,"Psalm 86:1-17",3
428,107,"Proverbs 13:9-10",4
429,108,"Joshua 16:1-18:28",1
430,108,"Luke 19:1-27",2
431,108,"Psalm 87:1-7",3
432,108,"Proverbs 13:11",4
433,109,"Joshua 19:1-20:9",1
434,109,"Luke 19:28-48",2
435,109,"Psalm 88:1-18",3
436,109,"Proverbs 13:12-14",4
437,110,"Joshua 21:1-22:20",1
438,110,"Luke 20:1-26",2
439,110,"Psalm 89:1-13",3
440,110,"Proverbs 13:15-16",4
441,111,"Joshua 22:21-23:16",1
442,111,"Luke 20:27-47",2
443,111,"Psalm 89:14-37",3
444,111,"Proverbs 13:17-19",4
445,112,"Joshua 24:1-33",1
446,112,"Luke 21:1-28",2
447,112,"Psalm 89:38-52",3
448,112,"Proverbs 13:20-23",4
449,113,"Judges 1:1-2:9",1
450,113,"Luke 21:29-22:13",2
451,113,"Psalm 90:1-91:16",3
452,113,"Proverbs 13:24-25",4
453,114,"Judges 2:10-3:31",1
454,114,"Luke 22:14-34",2
455,114,"Psalm 92:1-93:5",3
456,114,"Proverbs 14:1-2",4
457,115,"Judges 4:1-5:31",1
458,115,"Luke 22:35-53",2
459,115,"Psalm 94:1-23",3
460,115,"Proverbs 14:3-4",4
461,116,"Judges 6:1-40",1
462,116,"Luke 22:54-23:12",2
463,116,"Psalm 95:1-96:13",3
464,116,"Proverbs 14:5-6",4
465,117,"Judges 7:1-8:17",1
466,117,"Luke 23:13-43",2
467,117,"Psalm 97:1-98:9",3
468,117,"Proverbs 14:7-8",4
469,118,"Judges 8:18-9:21",1
470,118,"Luke 23:44-24:12",2
471,118,"Psalm 99:1-9",3
472,118,"Proverbs 14:9-10",4
473,119,"Judges 9:22-10:18",1
474,119,"Luke 24:13-53",2
475,119,"Psalm 100:1-5",3
476,119,"Proverbs 14:11-12",4
477,120,"Judges 11:1-12:15",1
478,120,"John 1:1-28",2
479,120,"Psalm 101:1-8",3
480,120,"Proverbs 14:13-14",4
481,121,"Judges 13:1-14:20",1
482,121,"John 1:29-51",2
483,121,"Psalm 102:1-28",3
484,121,"Proverbs 14:15-16",4
485,122,"Judges 15:1-16:31",1
486,122,"John 2:1-25",2
487,122,"Psalm 103:1-22",3
488,122,"Proverbs 14:17-19",4
489,123,"Judges 17:1-18:31",1
490,123,"John 3:1-21",2
491,123,"Psalm 104:1-23",3
492,123,"Proverbs 14:20-21",4
493,124,"Judges 19:1-20:48",1
494,124,"John 3:22-4:3",2
495,124,"Psalm 104:24-35",3
496,124,"Proverbs 14:22-24",4
497,125,"Judges 21:1-Ruth 1:22",1
498,125,"John 4:4-42",2
499,125,"Psalm 105:1-15",3
500,125,"Proverbs 14:25",4
501,126,"Ruth 2:1-4:22",1
502,126,"John 4:43-54",2
503,126,"Psalm 105:16-36",3
504,126,"Proverbs 14:26-27",4
505,127,"1 Samuel 1:1-2:21",1
506,127,"John 5:1-23",2
507,127,"Psalm 105:37-45",3
508,127,"Proverbs 14:28-29",4
509,128,"1 Samuel 2:22-4:22",1
510,128,"John 5:24-47",2
511,128,"Psalm 106:1-12",3
512,128,"Proverbs 14:30-31",4
513,129,"1 Samuel 5:1-7:17",1
514,129,"John 6:1-21",2
515,129,"Psalm 106:13-31",3
516,129,"Proverbs 14:32-33",4
517,130,"1 Samuel 8:1-9:27",1
518,130,"John 6:22-42",2
519,130,"Psalm 106:32-48",3
520,130,"Proverbs 14:34-35",4
521,131,"1 Samuel 10:1-11:15",1
522,131,"John 6:43-71",2
523,131,"Psalm 107:1-43",3
524,131,"Proverbs 15:1-3",4
525,132,"1 Samuel 12:1-13:23",1
526,132,"John 7:1-30",2
527,132,"Psalm 108:1-13",3
528,132,"Proverbs 15:4",4
529,133,"1 Samuel 14:1-52",1
530,133,"John 7:31-53",2
531,133,"Psalm 109:1-31",3
532,133,"Proverbs 15:5-7",4
533,134,"1 Samuel 15:1-16:23",1
534,134,"John 8:1-20",2
535,134,"Psalm 110:1-7",3
536,134,"Proverbs 15:8-10",4
537,135,"1 Samuel 17:1-18:4",1
538,135,"John 8:21-30",2
539,135,"Psalm 111:1-10",3
540,135,"Proverbs 15:11",4
541,136,"1 Samuel 18:5-19:24",1
542,136,"John 8:31-59",2
543,136,"Psalm 112:1-10",3
544,136,"Proverbs 15:12-14",4
545,137,"1 Samuel 20:1-21:15",1
546,137,"John 9:1-41",2
547,137,"Psalm 113:1-114:8",3
548,137,"Proverbs 15:15-17",4
549,138,"1 Samuel 22:1-23:29",1
550,138,"John 10:1-21",2
551,138,"Psalm 115:1-18",3
552,138,"Proverbs 15:18-19",4
553,139,"1 Samuel 24:1-25:44",1
554,139,"John 10:22-42",2
555,139,"Psalm 116:1-19",3
556,139,"Proverbs 15:20-21",4
557,140,"1 Samuel 26:1-28:25",1
558,140,"John 11:1-54",2
559,140,"Psalm 117:1-2",3
560,140,"Proverbs 15:22-23",4
561,141,"1 Samuel 29:1-31:13",1
562,141,"John 11:55-12:19",2
563,141,"Psalm 118:1-18",3
564,141,"Proverbs 15:24-26",4
565,142,"2 Samuel 1:1-2:11",1
566,142,"John 12:20-50",2
567,142,"Psalm 118:19-29",3
568,142,"Proverbs 15:27-28",4
569,143,"2 Samuel 2:12-3:39",1
570,143,"John 13:1-30",2
571,143,"Psalm 119:1-16",3
572,143,"Proverbs 15:29-30",4
573,144,"2 Samuel 4:1-6:23",1
574,144,"John 13:31-14:14",2
575,144,"Psalm 119:17-32",3
576,144,"Proverbs 15:31-32",4
577,145,"2 Samuel 7:1-8:18",1
578,145,"John 14:15-31",2
579,145,"Psalm 119:33-48",3
580,145,"Proverbs 15:33",4
581,146,"2 Samuel 9:1-11:27",1
582,146,"John 15:1-27",2
583,146,"Psalm 119:49-64",3
584,146,"Proverbs 16:1-3",4
585,147,"2 Samuel 12:1-31",1
586,147,"John 16:1-33",2
587,147,"Psalm 119:65-80",3
588,147,"Proverbs 16:4-5",4
589,148,"2 Samuel 13:1-39",1
590,148,"John 17:1-26",2
591,148,"Psalm 119:81-96",3
592,148,"Proverbs 16:6-7",4
593,149,"2 Samuel 14:1-15:22",1
594,149,"John 18:1-24",2
595,149,"Psalm 119:97-112",3
596,149,"Proverbs 16:8-9",4
597,150,"2 Samuel 15:23-16:23",1
598,150,"John 18:25-19:22",2
599,150,"Psalm 119:113-128",3
600,150,"Proverbs 16:10-11",4
601,151,"2 Samuel 17:1-29",1
602,151,"John 19:23-42",2
603,151,"Psalm 119:129-152",3
604,151,"Proverbs 16:12-13",4
605,152,"2 Samuel 18:1-19:10",1
606,152,"John 20:1-31",2
607,152,"Psalm 119:153-176",3
608,152,"Proverbs 16:14-15",4
609,153,"2 Samuel 19:11-20:13",1
610,153,"John 21:1-25",2
611,153,"Psalm 120:1-7",3
612,153,"Proverbs 16:16-17",4
613,154,"2 Samuel 20:14-21:22",1
614,154,"Acts 1:1-26",2
615,154,"Psalm 121:1-8",3
616,154,"Proverbs 16:18",4
617,155,"2 Samuel 22:1-23:23",1
618,155,"Acts 2:1-47",2
619,155,"Psalm 122:1-9",3
620,155,"Proverbs 16:19-20",4
621,156,"2 Samuel 23:24-24:25",1
622,156,"Acts 3:1-26",2
623,156,"Psalm 123:1-4",3
624,156,"Proverbs 16:21-23",4
625,157,"1 Kings 1:1-53",1
626,157,"Acts 4:1-37",2
627,157,"Psalm 124:1-8",3
628,157,"Proverbs 16:24",4
629,158,"1 Kings 2:1-3:2",1
630,158,"Acts 5:1-42",2
631,158,"Psalm 125:1-5",3
632,158,"Proverbs 16:25",4
633,159,"1 Kings 3:3-4:34",1
634,159,"Acts 6:1-15",2
635,159,"Psalm 126:1-6",3
636,159,"Proverbs 16:26-27",4
637,160,"1 Kings 5:1-6:38",1
638,160,"Acts 7:1-29",2
639,160,"Psalm 127:1-5",3
640,160,"Proverbs 16:28-30",4
641,161,"1 Kings 7:1-51",1
642,161,"Acts 7:30-50",2
643,161,"Psalm 128:1-6",3
644,161,"Proverbs 16:31-33",4
645,162,"1 Kings 8:1-66",1
646,162,"Acts 7:51-8:13",2
647,162,"Psalm 129:1-8",3
648,162,"Proverbs 17:1",4
649,163,"1 Kings 9:1-10:29",1
650,163,"Acts 8:14-40",2
651,163,"Psalm 130:1-8",3
652,163,"Proverbs 17:2-3",4
653,164,"1 Kings 11:1-12:19",1
654,164,"Acts 9:1-25",2
655,164,"Psalm 131:1-3",3
656,164,"Proverbs 17:4-5",4
657,165,"1 Kings 12:20-13:34",1
658,165,"Acts 9:26-43",2
659,165,"Psalm 132:1-18",3
660,165,"Proverbs 17:6",4
661,166,"1 Kings 14:1-15:24",1
662,166,"Acts 10:1-23",2
663,166,"Psalm 133:1-3",3
664,166,"Proverbs 17:7-8",4
665,167,"1 Kings 15:25-17:24",1
666,167,"Acts 10:24-48",2
667,167,"Psalm 134:1-3",3
668,167,"Proverbs 17:9-11",4
669,168,"1 Kings 18:1-46",1
670,168,"Acts 11:1-30",2
671,168,"Psalm 135:1-21",3
672,168,"Proverbs 17:12-13",4
673,169,"1 Kings 19:1-21",1
674,169,"Acts 12:1-23",2
675,169,"Psalm 136:1-26",3
676,169,"Proverbs 17:14-15",4
677,170,"1 Kings 20:1-21:29",1
678,170,"Acts 12:24-13:15",2
679,170,"Psalm 137:1-9",3
680,170,"Proverbs 17:16",4
681,171,"1 Kings 22:1-53",1
682,171,"Acts 13:16-41",2
683,171,"Psalm 138:1-8",3
684,171,"Proverbs 17:17-18",4
685,172,"2 Kings 1:1-2:25",1
686,172,"Acts 13:42-14:7",2
687,172,"Psalm 139:1-24",3
688,172,"Proverbs 17:19-21",4
689,173,"2 Kings 3:1-4:17",1
690,173,"Acts 14:8-28",2
691,173,"Psalm 140:1-13",3
692,173,"Proverbs 17:22",4
693,174,"2 Kings 4:18-5:27",1
694,174,"Acts 15:1-35",2
695,174,"Psalm 141:1-10",3
696,174,"Proverbs 17:23",4
697,175,"2 Kings 6:1-7:20",1
698,175,"Acts 15:36-16:15",2
699,175,"Psalm 142:1-7",3
700,175,"Proverbs 17:24-25",4
701,176,"2 Kings 8:1-9:13",1
702,176,"Acts 16:16-40",2
703,176,"Psalm 143:1-12",3
704,176,"Proverbs 17:26",4
705,177,"2 Kings 9:14-10:31",1
706,177,"Acts 17:1-34",2
707,177,"Psalm 144:1-15",3
708,177,"Proverbs 17:27-28",4
709,178,"2 Kings 10:32-12:21",1
710,178,"Acts 18:1-22",2
711,178,"Psalm 145:1-21",3
712,178,"Proverbs 18:1",4
713,179,"2 Kings 13:1-14:29",1
714,179,"Acts 18:23-19:12",2
715,179,"Psalm 146:1-10",3
716,179,"Proverbs 18:2-3",4
717,180,"2 Kings 15:1-16:20",1
718,180,"Acts 19:13-41",2
719,180,"Psalm 147:1-20",3
720,180,"Proverbs 18:4-5",4
721,181,"2 Kings 17:1-18:12",1
722,181,"Acts 20:1-38",2
723,181,"Psalm 148:1-14",3
724,181,"Proverbs 18:6-7",4
725,182,"2 Kings 18:13-19:37",1
726,182,"Acts 21:1-17",2
727,182,"Psalm 149:1-9",3
728,182,"Proverbs 18:8",4
729,183,"2 Kings 20:1-22:2",1
730,183,"Acts 21:18-36",2
731,183,"Psalm 150:1-6",3
732,183,"Proverbs 18:9-10",4
733,184,"2 Kings 22:3-23:30",1
734,184,"Acts 21:37-22:16",2
735,184,"Proverbs 18:11-12",4
736,185,"2 Kings 23:31-25:30",1
737,185,"Acts 22:17-23:10",2
738,185,"Proverbs 18:13",4
739,186,"1 Chronicles 1:1-2:17",1
740,186,"Acts 23:11-35",2
741,186,"Proverbs 18:14-15",4
742,187,"1 Chronicles 2:18-4:4",1
743,187,"Acts 24:1-27",2
744,187,"Proverbs 18:16-18",4
745,188,"1 Chronicles 4:5-5:17",1
746,188,"Acts 25:1-27",2
747,188,"Proverbs 18:19",4
748,189,"1 Chronicles 5:18-6:81",1
749,189,"Acts 26:1-32",2
750,189,"Proverbs 18:20-21",4
751,190,"1 Chronicles 7:1-8:40",1
752,190,"Acts 27:1-20",2
753,190,"Proverbs 18:22",4
754,191,"1 Chronicles 9:1-10:14",1
755,191,"Acts 27:21-44",2
756,191,"Proverbs 18:23-24",4
757,192,"1 Chronicles 11:1-12:18",1
758,192,"Acts 28:1-31",2
759,192,"Proverbs 19:1-3",4
760,193,"1 Chronicles 12:19-14:17",1
761,193,"Romans 1:1-17",2
762,193,"Proverbs 19:4-5",4
763,194,"1 Chronicles 15:1-16:36",1
764,194,"Romans 1:18-32",2
765,194,"Proverbs 19:6-7",4
766,195,"1 Chronicles 16:37-18:17",1
767,195,"Romans 2:1-24",2
768,195,"Proverbs 19:8-9",4
769,196,"1 Chronicles 19:1-21:30",1
770,196,"Romans 2:25-3:8",2
771,196,"Proverbs 19:10-12",4
772,197,"1 Chronicles 22:1-23:32",1
773,197,"Romans 3:9-31",2
774,197,"Proverbs 19:13-14",4
775,198,"1 Chronicles 24:1-26:11",1
776,198,"Romans 4:1-12",2
777,198,"Proverbs 19:15-16",4
778,199,"1 Chronicles 26:12-27:34",1
779,199,"Romans 4:13-5:5",2
780,199,"Proverbs 19:17",4
781,200,"1 Chronicles 28:1-29:30",1
782,200,"Romans 5:6-21",2
783,200,"Proverbs 19:18-19",4
784,201,"2 Chronicles 1:1-3:17",1
785,201,"Romans 6:1-23",2
786,201,"Proverbs 19:20-21",4
787,202,"2 Chronicles 4:1-6:11",1
788,202,"Romans 7:1-13",2
789,202,"Proverbs 19:22-23",4
790,203,"2 Chronicles 6:12-8:10",1
791,203,"Romans 7:14-8:8",2
792,203,"Proverbs 19:24-25",4
793,204,"2 Chronicles 8:11-10:19",1
794,204,"Romans 8:9-25",2
795,204,"Proverbs 19:26",4
796,205,"2 Chronicles 11:1-13:22",1
797,205,"Romans 8:26-39",2
798,205,"Proverbs 19:27-29",4
799,206,"2 Chronicles 14:1-16:14",1
800,206,"Romans 9:1-24",2
801,206,"Proverbs 20:1",4
802,207,"2 Chronicles 17:1-18:34",1
803,207,"Romans 9:25-10:13",2
804,207,"Proverbs 20:2-3",4
805,208,"2 Chronicles 19:1-20:37",1
806,208,"Romans 10:14-11:12",2
807,208,"Proverbs 20:4-6",4
808,209,"2 Chronicles 21:1-23:21",1
809,209,"Romans 11:13-36",2
810,209,"Proverbs 20:7",4
811,210,"2 Chronicles 24:1-25:28",1
812,210,"Romans 12:1-21",2
813,210,"Proverbs 20:8-10",4
814,211,"2 Chronicles 26:1-28:27",1
815,211,"Romans 13:1-14",2
816,211,"Proverbs 20:11",4
817,212,"2 Chronicles 29:1-36",1
818,212,"Romans 14:1-23",2
819,212,"Proverbs 20:12",4
820,213,"2 Chronicles 30:1-31:21",1
821,213,"Romans 15:1-22",2
822,213,"Proverbs 20:13-15",4
823,214,"2 Chronicles 32:1-33:13",1
824,214,"Romans 15:23-16:9",2
825,214,"Proverbs 20:16-18",4
826,215,"2 Chronicles 33:14-34:33",1
827,215,"Romans 16:10-27",2
828,215,"Proverbs 20:19",4
829,216,"2 Chronicles 35:1-36:23",1
830,216,"1 Corinthians 1:1-17",2
831,216,"Proverbs 20:20-21",4
832,217,"Ezra 1:1-2:70",1
833,217,"1 Corinthians 1:18-2:5",2
834,217,"Proverbs 20:22-23",4
835,218,"Ezra 3:1-4:23",1
836,218,"1 Corinthians 2:6-3:4",2
837,218,"Proverbs 20:24-25",4
838,219,"Ezra 4:24-6:22",1
839,219,"1 Corinthians 3:5-23",2
840,219,"Proverbs 20:26-27",4
841,220,"Ezra 7:1-8:20",1
842,220,"1 Corinthians 4:1-21",2
843,220,"Proverbs 20:28-30",4
844,221,"Ezra 8:21-9:15",1
845,221,"1 Corinthians 5:1-13",2
846,221,"Proverbs 21:1-2",4
847,222,"Ezra 10:1-44",1
848,222,"1 Corinthians 6:1-20",2
849,222,"Proverbs 21:3",4
850,223,"Nehemiah 1:1-3:14",1
851,223,"1 Corinthians 7:1-24",2
852,223,"Proverbs 21:4",4
853,224,"Nehemiah 3:15-5:13",1
854,224,"1 Corinthians 7:25-40",2
855,224,"Proverbs 21:5-7",4
856,225,"Nehemiah 5:14-7:73",1
857,225,"1 Corinthians 8:1-13",2
858,225,"Proverbs 21:8-10",4
859,226,"Nehemiah 7:73-9:21",1
860,226,"1 Corinthians 9:1-18",2
861,226,"Proverbs 21:11-12",4
862,227,"Nehemiah 9:22-10:39",1
863,227,"1 Corinthians 9:19-10:13",2
864,227,"Proverbs 21:13",4
865,228,"Nehemiah 11:1-12:26",1
866,228,"1 Corinthians 10:14-33",2
867,228,"Proverbs 21:14-16",4
868,229,"Nehemiah 12:27-13:31",1
869,229,"1 Corinthians 11:1-16",2
870,229,"Proverbs 21:17-18",4
871,230,"Esther 1:1-3:15",1
872,230,"1 Corinthians 11:17-34",2
873,230,"Proverbs 21:19-20",4
874,231,"Esther 4:1-7:10",1
875,231,"1 Corinthians 12:1-26",2
876,231,"Proverbs 21:21-22",4
877,232,"Esther 8:1-10:3",1
878,232,"1 Corinthians 12:27-13:13",2
879,232,"Proverbs 21:23-24",4
880,233,"Job 1:1-3:26",1
881,233,"1 Corinthians 14:1-17",2
882,233,"Proverbs 21:25-26",4
883,234,"Job 4:1-7:21",1
884,234,"1 Corinthians 14:18-40",2
885,234,"Proverbs 21:27",4
886,235,"Job 8:1-11:20",1
887,235,"1 Corinthians 15:1-28",2
888,235,"Proverbs 21:28-29",4
889,236,"Job 12:1-15:35",1
890,236,"1 Corinthians 15:29-58",2
891,236,"Proverbs 21:30-31",4
892,237,"Job 16:1-19:29",1
893,237,"1 Corinthians 16:1-24",2
894,237,"Proverbs 22:1",4
895,238,"Job 20:1-22:30",1
896,238,"2 Corinthians 1:1-11",2
897,238,"Proverbs 22:2-4",4
898,239,"Job 23:1-27:23",1
899,239,"2 Corinthians 1:12-2:11",2
900,239,"Proverbs 22:5-6",4
901,240,"Job 28:1-30:31",1
902,240,"2 Corinthians 2:12-17",2
903,240,"Proverbs 22:7",4
904,241,"Job 31:1-33:33",1
905,241,"2 Corinthians 3:1-18",2
906,241,"Proverbs 22:8-9",4
907,242,"Job 34:1-36:33",1
908,242,"2 Corinthians 4:1-12",2
909,242,"Proverbs 22:10-12",4
910,243,"Job 37:1-39:30",1
911,243,"2 Corinthians 4:13-5:10",2
912,243,"Proverbs 22:13",4
913,244,"Job 40:1-42:17",1
914,244,"2 Corinthians 5:11-21",2
915,244,"Proverbs 22:14",4
916,245,"Ecclesiastes 1:1-3:22",1
917,245,"2 Corinthians 6:1-13",2
918,245,"Proverbs 22:15",4
919,246,"Ecclesiastes 4:1-6:12",1
920,246,"2 Corinthians 6:14-7:7",2
921,246,"Proverbs 22:16",4
922,247,"Ecclesiastes 7:1-9:18",1
923,247,"2 Corinthians 7:8-16",2
924,247,"Proverbs 22:17-19",4
925,248,"Ecclesiastes 10:1-12:14",1
926,248,"2 Corinthians 8:1-15",2
927,248,"Proverbs 22:20-21",4
928,249,"Song of Solomon 1:1-4:16",1
929,249,"2 Corinthians 8:16-24",2
930,249,"Proverbs 22:22-23",4
931,250,"Song of Solomon 5:1-8:14",1
932,250,"2 Corinthians 9:1-15",2
933,250,"Proverbs 22:24-25",4
934,251,"Isaiah 1:1-2:22",1
935,251,"2 Corinthians 10:1-18",2
936,251,"Proverbs 22:26-27",4
937,252,"Isaiah 3:1-5:30",1
938,252,"2 Corinthians 11:1-15",2
939,252,"Proverbs 22:28-29",4
940,253,"Isaiah 6:1-7:25",1
941,253,"2 Corinthians 11:16-33",2
942,253,"Proverbs 23:1-3",4
943,254,"Isaiah 8:1-9:21",1
944,254,"2 Corinthians 12:1-10",2
945,254,"Proverbs 23:4-5",4
946,255,"Isaiah 10:1-11:16",1
947,255,"2 Corinthians 12:11-21",2
948,255,"Proverbs 23:6-8",4
949,255,"Isaiah 12:1-14:32",1
950,255,"2 Corinthians 13:1-14",2
951,255,"Proverbs 23:9-11",4
952,255,"Isaiah 15:1-18:7",1
953,255,"Galatians 1:1-24",2
954,255,"Proverbs 23:12",4
955,255,"Isaiah 19:1-21:17",1
956,255,"Galatians 2:1-16",2
957,255,"Proverbs 23:13-14",4
958,255,"Isaiah 22:1-24:23",1
959,255,"Galatians 2:17-3:9",2
960,255,"Proverbs 23:15-16",4
961,255,"Isaiah 25:1-28:13",1
962,255,"Galatians 3:10-22",2
963,255,"Proverbs 23:17-18",4
964,255,"Isaiah 28:14-30:11",1
965,255,"Galatians 3:23-4:31",2
966,255,"Proverbs 23:19-21",4
967,255,"Isaiah 30:12-33:9",1
968,255,"Galatians 5:1-12",2
969,255,"Proverbs 23:22",4
970,255,"Isaiah 33:10-36:22",1
971,255,"Galatians 5:13-26",2
972,255,"Proverbs 23:23",4
973,255,"Isaiah 37:1-38:22",1
974,255,"Galatians 6:1-18",2
975,255,"Proverbs 23:24",4
976,255,"Isaiah 39:1-41:16",1
977,255,"Ephesians 1:1-23",2
978,255,"Proverbs 23:25-28",4
979,255,"Isaiah 41:17-43:13",1
980,255,"Ephesians 2:1-22",2
981,255,"Proverbs 23:29-35",4
982,255,"Isaiah 43:14-45:10",1
983,255,"Ephesians 3:1-21",2
984,255,"Proverbs 24:1-2",4
985,255,"Isaiah 45:11-48:11",1
986,255,"Ephesians 4:1-16",2
987,255,"Proverbs 24:3-4",4
988,255,"Isaiah 48:12-50:11",1
989,255,"Ephesians 4:17-32",2
990,255,"Proverbs 24:5-6",4
991,255,"Isaiah 51:1-53:12",1
992,255,"Ephesians 5:1-33",2
993,255,"Proverbs 24:7",4
994,255,"Isaiah 54:1-57:14",1
995,255,"Ephesians 6:1-24",2
996,255,"Proverbs 24:8",4
997,255,"Isaiah 57:15-59:21",1
998,255,"Philippians 1:1-26",2
999,255,"Proverbs 24:9-10",4
1000,255,"Isaiah 60:1-62:5",1
1001,255,"Philippians 1:27-2:18",2
1002,255,"Proverbs 24:11-12",4
1003,255,"Isaiah 62:6-65:25",1
1004,255,"Philippians 2:19-3:3",2
1005,255,"Proverbs 24:13-14",4
1006,255,"Isaiah 66:1-24",1
1007,255,"Philippians 3:4-21",2
1008,255,"Proverbs 24:15-16",4
1009,255,"Jeremiah 1:1-2:30",1
1010,255,"Philippians 4:1-23",2
1011,255,"Proverbs 24:17-20",4
1012,255,"Jeremiah 2:31-4:18",1
1013,255,"Colossians 1:1-17",2
1014,255,"Proverbs 24:21-22",4
1015,255,"Jeremiah 4:19-6:15",1
1016,255,"Colossians 1:18-2:7",2
1017,255,"Proverbs 24:23-25",4
1018,255,"Jeremiah 6:16-8:7",1
1019,255,"Colossians 2:8-23",2
1020,255,"Proverbs 24:26",4
1021,255,"Jeremiah 8:8-9:26",1
1022,255,"Colossians 3:1-17",2
1023,255,"Proverbs 24:27",4
1024,255,"Jeremiah 10:1-11:23",1
1025,255,"Colossians 3:18-4:18",2
1026,255,"Psalm 78:56-72",3
1027,255,"Proverbs 24:28-29",4
1028,255,"Jeremiah 12:1-14:10",1
1029,255,"1 Thessalonians 1:1-2:8",2
1030,255,"Proverbs 24:30-34",4
1031,255,"Jeremiah 14:11-16:15",1
1032,255,"1 Thessalonians 2:9-3:13",2
1033,255,"Proverbs 25:1-5",4
1034,255,"Jeremiah 16:16-18:23",1
1035,255,"1 Thessalonians 4:1-5:3",2
1036,255,"Proverbs 25:6-8",4
1037,255,"Jeremiah 19:1-21:14",1
1038,255,"1 Thessalonians 5:4-28",2
1039,255,"Proverbs 25:9-10",4
1040,255,"Jeremiah 22:1-23:20",1
1041,255,"2 Thessalonians 1:1-12",2
1042,255,"Proverbs 25:11-14",4
1043,255,"Jeremiah 23:21-25:38",1
1044,255,"2 Thessalonians 2:1-17",2
1045,255,"Proverbs 25:15",4
1046,255,"Jeremiah 26:1-27:22",1
1047,255,"2 Thessalonians 3:1-18",2
1048,255,"Proverbs 25:16",4
1049,255,"Jeremiah 28:1-29:32",1
1050,255,"1 Timothy 1:1-20",2
1051,255,"Proverbs 25:17",4
1052,255,"Jeremiah 30:1-31:26",1
1053,255,"1 Timothy 2:1-15",2
1054,255,"Proverbs 25:18-19",4
1055,255,"Jeremiah 31:27-32:44",1
1056,255,"1 Timothy 3:1-16",2
1057,255,"Proverbs 25:20-22",4
1058,255,"Jeremiah 33:1-34:22",1
1059,255,"1 Timothy 4:1-16",2
1060,255,"Proverbs 25:23-24",4
1061,255,"Jeremiah 35:1-36:32",1
1062,255,"1 Timothy 5:1-25",2
1063,255,"Proverbs 25:25-27",4
1064,255,"Jeremiah 37:1-38:28",1
1065,255,"1 Timothy 6:1-21",2
1066,255,"Proverbs 25:28",4
1067,255,"Jeremiah 39:1-41:18",1
1068,255,"2 Timothy 1:1-18",2
1069,255,"Proverbs 26:1-2",4
1070,255,"Jeremiah 42:1-44:23",1
1071,255,"2 Timothy 2:1-21",2
1072,255,"Proverbs 26:3-5",4
1073,255,"Jeremiah 44:24-47:7",1
1074,255,"2 Timothy 2:22-3:17",2
1075,255,"Proverbs 26:6-8",4
1076,255,"Jeremiah 48:1-49:22",1
1077,255,"2 Timothy 4:1-22",2
1078,255,"Proverbs 26:9-12",4
1079,255,"Jeremiah 49:23-50:46",1
1080,255,"Titus 1:1-16",2
1081,255,"Proverbs 26:13-16",4
1082,255,"Jeremiah 51:1-53",1
1083,255,"Titus 2:1-15",2
1084,255,"Proverbs 26:17",4
1085,255,"Jeremiah 51:54-52:34",1
1086,255,"Titus 3:1-15",2
1087,255,"Proverbs 26:18-19",4
1088,255,"Lamentations 1:1-2:22",1
1089,255,"Philemon 1:1-25",2
1090,255,"Proverbs 26:20",4
1091,255,"Lamentations 3:1-66",1
1092,255,"Hebrews 1:1-14",2
1093,255,"Proverbs 26:21-22",4
1094,255,"Lamentations 4:1-5:22",1
1095,255,"Hebrews 2:1-18",2
1096,255,"Proverbs 26:23",4
1097,255,"Ezekiel 1:1-3:15",1
1098,255,"Hebrews 3:1-19",2
1099,255,"Proverbs 26:24-26",4
1100,255,"Ezekiel 3:16-6:14",1
1101,255,"Hebrews 4:1-16",2
1102,255,"Proverbs 26:27",4
1103,255,"Ezekiel 7:1-9:11",1
1104,255,"Hebrews 5:1-14",2
1105,255,"Proverbs 26:28",4
1106,255,"Ezekiel 10:1-11:25",1
1107,255,"Hebrews 6:1-20",2
1108,255,"Proverbs 27:1-2",4
1109,255,"Ezekiel 12:1-14:11",1
1110,255,"Hebrews 7:1-17",2
1111,255,"Proverbs 27:3",4
1112,255,"Ezekiel 14:12-16:41",1
1113,255,"Hebrews 7:18-28",2
1114,255,"Proverbs 27:4-6",4
1115,255,"Ezekiel 16:42-17:24",1
1116,255,"Hebrews 8:1-13",2
1117,255,"Proverbs 27:7-9",4
1118,255,"Ezekiel 18:1-19:14",1
1119,255,"Hebrews 9:1-10",2
1120,255,"Proverbs 27:10",4
1121,255,"Ezekiel 20:1-49",1
1122,255,"Hebrews 9:11-28",2
1123,255,"Proverbs 27:11",4
1124,255,"Ezekiel 21:1-22:31",1
1125,255,"Hebrews 10:1-17",2
1126,255,"Proverbs 27:12",4
1127,255,"Ezekiel 23:1-49",1
1128,255,"Hebrews 10:18-39",2
1129,255,"Proverbs 27:13",4
1130,255,"Ezekiel 24:1-26:21",1
1131,255,"Hebrews 11:1-16",2
1132,255,"Proverbs 27:14",4
1133,255,"Ezekiel 27:1-28:26",1
1134,255,"Hebrews 11:17-31",2
1135,255,"Proverbs 27:15-16",4
1136,255,"Ezekiel 29:1-30:26",1
1137,255,"Hebrews 11:32-12:13",2
1138,255,"Proverbs 27:17",4
1139,255,"Ezekiel 31:1-32:32",1
1140,255,"Hebrews 12:14-29",2
1141,255,"Proverbs 27:18-20",4
1142,255,"Ezekiel 33:1-34:31",1
1143,255,"Hebrews 13:1-25",2
1144,255,"Proverbs 27:21-22",4
1145,255,"Ezekiel 35:1-36:38",1
1146,255,"James 1:1-18",2
1147,255,"Proverbs 27:23-27",4
1148,255,"Ezekiel 37:1-38:23",1
1149,255,"James 1:19-2:17",2
1150,255,"Proverbs 28:1",4
1151,255,"Ezekiel 39:1-40:27",1
1152,255,"James 2:18-3:18",2
1153,255,"Proverbs 28:2",4
1154,255,"Ezekiel 40:28-41:26",1
1155,255,"James 4:1-17",2
1156,255,"Proverbs 28:3-5",4
1157,255,"Ezekiel 42:1-43:27",1
1158,255,"James 5:1-20",2
1159,255,"Proverbs 28:6-7",4
1160,255,"Ezekiel 44:1-45:12",1
1161,255,"1 Peter 1:1-12",2
1162,255,"Proverbs 28:8-10",4
1163,255,"Ezekiel 45:13-46:24",1
1164,255,"1 Peter 1:13-2:10",2
1165,255,"Proverbs 28:11",4
1166,255,"Ezekiel 47:1-48:35",1
1167,255,"1 Peter 2:11-3:7",2
1168,255,"Proverbs 28:12-13",4
1169,255,"Daniel 1:1-2:23",1
1170,255,"1 Peter 3:8-4:6",2
1171,255,"Proverbs 28:14",4
1172,255,"Daniel 2:24-3:30",1
1173,255,"1 Peter 4:7-5:14",2
1174,255,"Proverbs 28:15-16",4
1175,255,"Daniel 4:1-37",1
1176,255,"2 Peter 1:1-21",2
1177,255,"Proverbs 28:17-18",4
1178,255,"Daniel 5:1-31",1
1179,255,"2 Peter 2:1-22",2
1180,255,"Proverbs 28:19-20",4
1181,255,"Daniel 6:1-28",1
1182,255,"2 Peter 3:1-18",2
1183,255,"Proverbs 28:21-22",4
1184,255,"Daniel 7:1-28",1
1185,255,"1 John 1:1-10",2
1186,255,"Proverbs 28:23-24",4
1187,255,"Daniel 8:1-27",1
1188,255,"1 John 2:1-17",2
1189,255,"Proverbs 28:25-26",4
1190,255,"Daniel 9:1-11:1",1
1191,255,"1 John 2:18-3:6",2
1192,255,"Proverbs 28:27-28",4
1193,255,"Daniel 11:2-35",1
1194,255,"1 John 3:7-24",2
1195,255,"Proverbs 29:1",4
1196,255,"Daniel 11:36-12:13",1
1197,255,"1 John 4:1-21",2
1198,255,"Proverbs 29:2-4",4
1199,255,"Hosea 1:1-3:5",1
1200,255,"1 John 5:1-21",2
1201,255,"Proverbs 29:5-8",4
1202,255,"Hosea 4:1-5:15",1
1203,255,"2 John 1:1-13",2
1204,255,"Proverbs 29:9-11",4
1205,255,"Hosea 6:1-9:17",1
1206,255,"3 John 1:1-14",2
1207,255,"Proverbs 29:12-14",4
1208,255,"Hosea 10:1-14:9",1
1209,255,"Jude 1:1-25",2
1210,255,"Proverbs 29:15-17",4
1211,255,"Joel 1:1-3:21",1
1212,255,"Revelation 1:1-20",2
1213,255,"Proverbs 29:18",4
1214,255,"Amos 1:1-3:15",1
1215,255,"Revelation 2:1-17",2
1216,255,"Proverbs 29:19-20",4
1217,255,"Amos 4:1-6:14",1
1218,255,"Revelation 2:18-3:6",2
1219,255,"Proverbs 29:21-22",4
1220,255,"Amos 7:1-9:15",1
1221,255,"Revelation 3:7-22",2
1222,255,"Proverbs 29:23",4
1223,255,"Obadiah 1:1-21",1
1224,255,"Revelation 4:1-11",2
1225,255,"Proverbs 29:24-25",4
1226,255,"Jonah 1:1-4-11",1
1227,255,"Revelation 5:1-14",2
1228,255,"Proverbs 29:26-27",4
1229,255,"Micah 1:1-4:13",1
1230,255,"Revelation 6:1-17",2
1231,255,"Proverbs 30:1-4",4
1232,255,"Micah 5:1-7:20",1
1233,255,"Revelation 7:1-17",2
1234,255,"Proverbs 30:5-6",4
1235,255,"Nahum 1:1-3:19",1
1236,255,"Revelation 8:1-13",2
1237,255,"Proverbs 30:7-9",4
1238,255,"Habakkuk 1:1-3:19",1
1239,255,"Revelation 9:1-21",2
1240,255,"Proverbs 30:10",4
1241,255,"Zephaniah 1:1-3:20",1
1242,255,"Revelation 10:1-11",2
1243,255,"Proverbs 30:11-14",4
1244,255,"Haggai 1:1-2:23",1
1245,255,"Revelation 11:1-19",2
1246,255,"Proverbs 30:15-16",4
1247,255,"Zechariah 1:1-21",1
1248,255,"Revelation 12:1-17",2
1249,255,"Proverbs 30:17",4
1250,255,"Zechariah 2:1-3:10",1
1251,255,"Revelation 13:1-18",2
1252,255,"Proverbs 30:18-20",4
1253,255,"Zechariah 4:1-5:11",1
1254,255,"Revelation 14:1-20",2
1255,255,"Proverbs 30:21-23",4
1256,255,"Zechariah 6:1-7:14",1
1257,255,"Revelation 15:1-8",2
1258,255,"Proverbs 30:24-28",4
1259,255,"Zechariah 8:1-23",1
1260,255,"Revelation 16:1-21",2
1261,255,"Proverbs 30:29-31",4
1262,255,"Zechariah 9:1-17",1
1263,255,"Revelation 17:1-18",2
1264,255,"Proverbs 30:32",4
1265,255,"Zechariah 10:1-11:17",1
1266,255,"Revelation 18:1-24",2
1267,255,"Proverbs 30:33",4
1268,255,"Zechariah 12:1-13:9",1
1269,255,"Revelation 19:1-21",2
1270,255,"Proverbs 31:1-7",4
1271,255,"Zechariah 14:1-21",1
1272,255,"Revelation 20:1-15",2
1273,255,"Proverbs 31:8-9",4
1274,255,"Malachi 1:1-2:17",1
1275,255,"Revelation 21:1-27",2
1276,255,"Proverbs 31:10-24",4
1277,255,"Malachi 3:1-4:6",1
1278,255,"Revelation 22:1-21",2
1279,255,"Proverbs 31:25-31",4
