id,series_id,speaker_id,"ident","type","title","description",vimeo_id,vimeo_id_asl,"audio_file","sermon_date","speaker_name","publish_at","created_at","updated_at"
1,1,1,"how-often-do-you-fill-up","sermon","How Often Do You Fill Up?",NULL,NULL,NULL,"20080712-13.mp3","2008-07-13","Dr. Chris Stephens","2008-07-13 00:00:00","2008-07-13 00:00:00","2008-07-13 00:00:00"
2,1,4,"practice-the-presence","sermon","Practice the Presence",NULL,NULL,NULL,"20080719-20.mp3","2008-07-20","Michele Stephens","2008-07-20 00:00:00","2008-07-20 00:00:00","2008-07-20 00:00:00"
3,1,1,"he-can-fill-you-up","sermon","He Can Fill You Up!",NULL,NULL,NULL,"20080726-27.mp3","2008-07-27","Dr. Chris Stephens","2008-07-27 00:00:00","2008-07-27 00:00:00","2008-07-27 00:00:00"
4,1,1,"wasted-worship","sermon","Wasted Worship?",NULL,NULL,NULL,"20080802-03.mp3","2008-08-03","Dr. Chris Stephens","2008-08-03 00:00:00","2008-08-03 00:00:00","2008-08-03 00:00:00"
5,2,1,"character-counts","sermon","Character Counts",NULL,NULL,NULL,"20080816-17.mp3","2008-08-17","Dr. Chris Stephens","2008-08-17 00:00:00","2008-08-17 00:00:00","2008-08-17 00:00:00"
6,2,2,"courage","sermon","Courage",NULL,NULL,NULL,"20080823-24.mp3","2008-08-24","Dr. Josh Whitehead","2008-08-24 00:00:00","2008-08-24 00:00:00","2008-08-24 00:00:00"
7,2,1,"not-now","sermon","Not Now!",NULL,NULL,NULL,"20080830-31.mp3","2008-08-31","Dr. Chris Stephens","2008-08-31 00:00:00","2008-08-31 00:00:00","2008-08-31 00:00:00"
8,2,1,"how-to-hang-on","sermon","How to Hang On!",NULL,NULL,NULL,"20080906-07.mp3","2008-09-07","Dr. Chris Stephens","2008-09-07 00:00:00","2008-09-07 00:00:00","2008-09-07 00:00:00"
9,2,1,"can-you-see-it","sermon","Can You See It?",NULL,NULL,NULL,"20080913-14.mp3","2008-09-14","Dr. Chris Stephens","2008-09-14 00:00:00","2008-09-14 00:00:00","2008-09-14 00:00:00"
10,3,1,"faith-or-fear","sermon","Faith or Fear?",NULL,2498576,NULL,"20081004-05.mp3","2008-10-05","Dr. Chris Stephens","2008-10-05 00:00:00","2008-10-05 00:00:00","2008-10-05 00:00:00"
11,3,1,"faith-takes-the-first-step","sermon","Faith Takes the First Step",NULL,2533352,NULL,"20081011-12.mp3","2008-10-12","Dr. Chris Stephens","2008-10-12 00:00:00","2008-10-12 00:00:00","2008-10-12 00:00:00"
12,3,1,"dont-look-down","sermon","Don't Look Down!",NULL,2534195,NULL,"20081018-19.mp3","2008-10-19","Dr. Chris Stephens","2008-10-19 00:00:00","2008-10-19 00:00:00","2008-10-19 00:00:00"
13,3,1,"waiting-on-a-wave","sermon","Waiting on a Wave",NULL,2534627,NULL,"20081025-26.mp3","2008-10-26","Dr. Chris Stephens","2008-10-26 00:00:00","2008-10-26 00:00:00","2008-10-26 00:00:00"
14,12,1,"voting-values","sermon","Voting Values",NULL,2535033,NULL,"20081101-02.mp3","2008-11-01","Dr. Chris Stephens","2008-11-01 00:00:00","2008-11-01 00:00:00","2008-11-01 00:00:00"
15,4,NULL,"trailer","promo","Trailer",NULL,2743049,NULL,NULL,"2008-11-08",NULL,"2008-11-08 00:00:00","2008-11-08 00:00:00","2008-11-08 00:00:00"
16,4,1,"future","sermon","Future",NULL,2536473,NULL,"20081108-08.mp3","2008-11-09","Dr. Chris Stephens","2008-11-09 00:00:00","2008-11-09 00:00:00","2008-11-09 00:00:00"
17,4,1,"purpose","sermon","Purpose",NULL,2536994,NULL,"20081115-16.mp3","2008-11-16","Dr. Chris Stephens","2008-11-16 00:00:00","2008-11-16 00:00:00","2008-11-16 00:00:00"
18,4,1,"community","sermon","Community",NULL,2541427,NULL,"20081122-23.mp3","2008-11-23","Dr. Chris Stephens","2008-11-23 00:00:00","2008-11-23 00:00:00","2008-11-23 00:00:00"
19,12,1,"leftovers","sermon","Leftovers",NULL,2541947,NULL,"20081129-30.mp3","2008-11-30","Dr. Chris Stephens","2008-11-30 00:00:00","2008-11-30 00:00:00","2008-11-30 00:00:00"
20,12,1,"r-and-r","sermon","R & R",NULL,2728152,NULL,"20081227-28.mp3","2008-12-28","Dr. Chris Stephens","2008-12-28 00:00:00","2008-12-28 00:00:00","2008-12-28 00:00:00"
21,12,1,"pro-kids","sermon","ProKids Video",NULL,2802732,NULL,NULL,"2008-12-28","Dr. Chris Stephens","2008-12-28 00:00:00","2008-12-28 00:00:00","2008-12-28 00:00:00"
22,5,NULL,"trailer","promo","Trailer",NULL,2601901,NULL,NULL,"2009-01-04",NULL,"2009-01-04 00:00:00","2009-01-04 00:00:00","2009-01-04 00:00:00"
23,5,NULL,"dale-henry","sermon","Dale Henry",NULL,2730258,NULL,"20090103-04.mp3","2009-01-04","Dale Henry","2009-01-04 00:00:00","2009-01-04 00:00:00","2009-01-04 00:00:00"
24,5,1,"upgrade","sermon","Upgrade",NULL,2802264,NULL,"20090110-11.mp3","2009-01-10","Dr. Chris Stephens","2009-01-10 00:00:00","2009-01-10 00:00:00","2009-01-10 00:00:00"
25,5,1,"going-public","sermon","Going Public",NULL,2881775,NULL,"20090117-18.mp3","2009-01-18","Dr. Chris Stephens","2009-01-18 00:00:00","2009-01-18 00:00:00","2009-01-18 00:00:00"
26,5,3,"the-bradys-were-wrong","sermon","The Bradys Were Wrong",NULL,2966945,NULL,"20090124-25.mp3","2009-01-24","Randy Riggins","2009-01-24 00:00:00","2009-01-24 00:00:00","2009-01-24 00:00:00"
27,5,1,"community-of-change","sermon","Community of Change",NULL,3042482,NULL,"20090131-01.mp3","2009-01-31","Dr. Chris Stephens","2009-01-31 00:00:00","2009-01-31 00:00:00","2009-01-31 00:00:00"
28,5,NULL,"cardboard-testimonies","sermon","Cardboard Testimonies",NULL,3042599,NULL,NULL,"2009-01-31",NULL,"2009-01-31 19:00:00","2009-01-31 19:00:00","2009-01-31 19:00:00"
29,10,NULL,"trailer","promo","Trailer",NULL,3042110,NULL,NULL,"2009-02-01",NULL,"2009-02-01 00:00:00","2009-02-01 00:00:00","2009-02-01 00:00:00"
30,10,1,"its-all-about-heart","sermon","It's All About Heart",NULL,3124290,NULL,"20090207-08.mp3","2009-02-07","Dr. Chris Stephens","2009-02-07 00:00:00","2009-02-07 00:00:00","2009-02-07 00:00:00"
31,10,1,"ruined-by-a-relgious-rut","sermon","Ruined by a Religious Rut",NULL,3226428,NULL,"20090214-15.mp3","2009-02-14","Dr. Chris Stephens","2009-02-14 00:00:00","2009-02-14 00:00:00","2009-02-14 00:00:00"
32,10,1,"whats-narural-to-you","sermon","What's Natural to You?",NULL,3319628,NULL,"20090221-22.mp3","2009-02-22","Dr. Chris Stephens","2009-02-22 00:00:00","2009-02-22 00:00:00","2009-02-22 00:00:00"
33,13,1,"enduring-in-an-eroding-economy","sermon","Enduring in an Eroding Economy",NULL,3413814,NULL,"20090228-01.mp3","2009-02-28","Dr. Chris Stephens","2009-02-28 00:00:00","2009-02-28 00:00:00","2009-02-28 00:00:00"
34,13,NULL,"tithing-rap","sermon","The Accountants' Bad Rap",NULL,3520794,NULL,NULL,"2009-03-07",NULL,"2009-03-07 00:00:00","2009-03-07 00:00:00","2009-03-07 00:00:00"
35,13,1,"no-root-no-fruit","sermon","No Root, No Fruit",NULL,3524930,NULL,"20090307-08.mp3","2009-03-07","Dr. Chris Stephens","2009-03-07 00:00:05","2009-03-07 00:00:05","2009-03-07 00:00:05"
36,14,NULL,"trailer","promo","Trailer",NULL,3654088,NULL,NULL,"2009-03-15",NULL,"2009-03-15 00:00:00","2009-03-15 00:00:00","2009-03-15 00:00:00"
37,14,1,"a-few-good-men","sermon","A Few Good Men",NULL,3654254,NULL,"200903014-15.mp3","2009-03-15","Dr. Chris Stephens","2009-03-15 00:00:05","2009-03-15 00:00:05","2009-03-15 00:00:05"
38,14,1,"the-juror","sermon","The Juror",NULL,3795878,NULL,"200903021-22.mp3","2009-03-21","Dr. Chris Stephens","2009-03-21 00:00:00","2009-03-21 00:00:00","2009-03-21 00:00:00"
39,14,1,"twelve-angry-men","sermon","Twelve Angry Men",NULL,3900565,NULL,"20090328-29.mp3","2009-03-28","Dr. Chris Stephens","2009-03-28 00:00:00","2009-03-28 00:00:00","2009-03-28 00:00:00"
40,15,1,"diving-into-life","sermon","Diving Into Life","In the beginning, God created it.<br />  It has shaped the course of history.<br />  It's the most important thing you'll ever be a part of.  <p>Join us for <i>The Unit</i> as we discover God's plan for the family.</p>",4218694,NULL,"20090418-19.mp3","2009-04-19","Dr. Chris Stephens","2009-04-19 00:00:00","2009-04-19 00:00:00","2009-04-18 22:28:26"
41,15,1,"how-to-beat-the-odds","sermon","How to Beat the Odds","In the beginning, God created it.<br />  It has shaped the course of history.<br />  It's the most important thing you'll ever be a part of.  <p>Join us for <i>The Unit</i> as we discover God's plan for the family.</p>",4333381,NULL,"20090425-26.mp3","2009-04-26","Dr. Chris Stephens","2009-04-26 00:00:00","2009-04-26 00:00:00","2009-04-25 23:12:12"
42,15,1,"the-legacy","sermon","The Legacy...What You Leave Behind","In the beginning, God created it.<br />  It has shaped the course of history.<br />  It's the most important thing you'll ever be a part of.  <p>Join us for <i>The Unit</i> as we discover God's plan for the family.</p>

<p><a href=\"http://faithpromiseweb.com/support\" target=\"_blank\">Technical Problems?</a></p>",4451509,NULL,"20090502-03.mp3","2009-05-03","Dr. Chris Stephens","2009-05-03 00:00:00","2009-05-03 00:00:00","2009-05-03 02:24:50"
43,15,1,"the-unit-god-picked","sermon","The Unit God Picked","In the beginning, God created it.<br />  It has shaped the course of history.<br />  It's the most important thing you'll ever be a part of.  <p>Join us for <i>The Unit</i> as we discover God's plan for the family.</p>

<p><a href=\"http://faithpromiseweb.com/support\" target=\"_blank\">Technical Problems?</a></p>",4568686,NULL,"20090509-10.mp3","2009-05-10","Dr. Chris Stephens","2009-05-10 00:00:00","2009-05-10 00:00:00","2009-05-10 04:36:01"
44,16,NULL,"trailer","promo","Trailer",NULL,4569985,NULL,NULL,"2009-05-16",NULL,"2009-05-16 00:00:00","2009-05-16 00:00:00","2009-05-16 00:00:00"
45,16,1,"getting-gods-attention","sermon","Getting God's Attention","The one attribute God desires most for us, the attribute that attracts God’s gaze and attention, the thing God looks for most, is the thing culture and the church have left behind:  Humility.  In the next four weeks we will learn together what attracts the attention of God.

<p><a href=\"http://faithpromiseweb.com/support\" target=\"_blank\">Technical Problems?</a></p>",4686348,NULL,"20090516-17.mp3","2009-05-17","Dr. Chris Stephens","2009-05-17 00:00:00","2009-05-17 00:00:00","2009-05-17 00:24:46"
46,16,1,"busted","sermon","Busted!","The one attribute God desires most for us, the attribute that 

attracts God’s gaze and attention, the thing God looks for most, 

is the thing culture and the church have left behind:  Humility.  

In the next four weeks we will learn together what attracts the 

attention of God.

<p><a href=\"http://faithpromiseweb.com/support\" 

target=\"_blank\">Technical Problems?</a></p>",4808125,NULL,"20090523-24.mp3","2009-05-24","Dr. Chris Stephens","2009-05-24 00:00:00","2009-05-24 00:00:00","2009-05-24 03:37:09"
47,16,3,"theres-an-app-for-that","sermon","Humility: There's an App for That","The one attribute God desires most for us, the attribute that 

attracts God’s gaze and attention, the thing God looks for most, is 

the thing culture and the church have left behind:  Humility.  In the 

next four weeks we will learn together what attracts the attention of 

God.

<p>Once the service begins, you can click the video image to view it 

in full screen.</p>

<p><a href=\"http://faithpromiseweb.com/support\" 

target=\"_blank\">Technical Problems?</a></p>",4922338,NULL,"20090531-01.mp3","2009-05-31","Randy Riggins","2009-05-31 00:00:00","2009-05-31 00:00:00","2009-05-31 00:06:31"
48,16,3,"the-vase","sermon","The Vase","The one attribute God desires most for us, the attribute that attracts God’s gaze and attention, the thing God looks for most, is the thing culture and the church have left behind:  Humility.  In the next four weeks we will learn together what attracts the attention of God.

<p>Once the service begins, you can click the video image to view it in full screen.</p>

<p><a href=\"http://faithpromiseweb.com/support\" target=\"_blank\">Technical Problems?</a></p>",5039966,NULL,"20090606-07.mp3","2009-06-06","Randy Riggins","2009-06-06 00:00:00","2009-06-06 00:00:00","2009-06-07 02:57:41"
49,17,NULL,"trailer","promo","Trailer",NULL,5040489,NULL,NULL,"2009-06-07",NULL,"2009-06-07 00:00:00","2009-06-07 00:00:00","2009-06-07 00:00:00"
50,17,1,"he-knows","sermon","He Knows","How do you view God?  It seems that we all try to make God in our own image…we choose the attributes about Him that we like and then try to put Him in our own little box.  But God is so much bigger than we realize, more loving than we’ll ever know, and He is here with us now and always!  You won’t want to miss a single week of this challenging four-week series as we discover the truths about who God really is.

<p><a href=\"http://faithpromiseweb.com/support\" target=\"_blank\">Technical Problems?</a></p>",5153250,NULL,"20090613-14.mp3","2009-06-14","Dr. Chris Stephens","2009-06-14 00:00:00","2009-06-14 00:00:00","2009-06-13 22:57:49"
51,17,1,"our-father","sermon","Our Father","How do you view God?  It seems that we all try to make God in our own image…we choose the attributes about Him that we like and then try to put Him in our own little box.  But God is so much bigger than we realize, more loving than we’ll ever know, and He is here with us now and always!  You won’t want to miss a single week of this challenging four-week series as we discover the truths about who God really is.

<p><a href=\"http://faithpromiseweb.com/support\" target=\"_blank\">Technical Problems?</a></p>",5253284,NULL,"20090620-21.mp3","2009-06-21","Dr. Chris Stephens","2009-06-21 00:00:00","2009-06-21 00:00:00","2009-06-20 22:36:25"
52,17,1,"everywhere","sermon","Everywhere","How do you view God?  It seems that we all try to make God in our own image…we choose the attributes about Him that we like and then try to put Him in our own little box.  But God is so much bigger than we realize, more loving than we’ll ever know, and He is here with us now and always!  You won’t want to miss a single week of this challenging four-week series as we discover the truths about who God really is.

<p><a href=\"http://faithpromiseweb.com/support\" target=\"_blank\">Technical Problems?</a></p>",5409645,NULL,"20090627-28.mp3","2009-06-28","Dr. Chris Stephens","2009-06-28 00:00:00","2009-06-28 00:00:00","2009-06-28 02:18:51"
53,17,2,"all-powerful","sermon","All Powerful","How do you view God?  It seems that we all try to make God in our own image…we choose the attributes about Him that we like and then try to put Him in our own little box.  But God is so much bigger than we realize, more loving than we’ll ever know, and He is here with us now and always!  You won’t want to miss a single week of this challenging four-week series as we discover the truths about who God really is.

<p><a href=\"http://faithpromiseweb.com/support\" target=\"_blank\">Technical Problems?</a></p>",5557366,NULL,"20090711-12.mp3","2009-07-12","Dr. Josh Whitehead","2009-07-12 00:00:00","2009-07-12 00:00:00","2009-07-11 23:03:36"
54,17,1,"good","sermon","Good","How do you view God?  It seems that we all try to make God in our own image…we choose the attributes about Him that we like and then try to put Him in our own little box.  But God is so much bigger than we realize, more loving than we’ll ever know, and He is here with us now and always!  You won’t want to miss a single week of this challenging four-week series as we discover the truths about who God really is.

<p><a href=\"http://faithpromiseweb.com/support\" target=\"_blank\">Technical Problems?</a></p>",5659476,NULL,"20090718-19.mp3","2009-07-19","Dr. Chris Stephens","2009-07-19 00:00:00","2009-07-19 00:00:00","2009-07-18 22:58:11"
55,18,NULL,"trailer","promo","Trailer",NULL,5659676,NULL,NULL,"2009-07-19",NULL,"2009-07-19 00:00:00","2009-07-19 00:00:00","2009-07-19 00:00:00"
56,18,1,"salvation","sermon","Salvation","Has there ever been something you wanted to know but were afraid to ask? This July, we're starting a new sermon series called \"You Asked For It.\" It's your opportunity to ask tough questions about the Bible, ethics and life and get honest answers from Pastor Chris and our staff.

<p><a href=\"http://faithpromiseweb.com/support\" target=\"_blank\">Technical Problems?</a></p>",5765440,NULL,"20090725-26.mp3","2009-07-26","Dr. Chris Stephens","2009-07-26 00:00:00","2009-07-26 00:00:00","2009-07-25 23:34:40"
57,18,1,"sex","sermon","Sex","Has there ever been something you wanted to know but were afraid to ask? This July, we're starting a new sermon series called \"You Asked For It.\" It's your opportunity to ask tough questions about the Bible, ethics and life and get honest answers from Pastor Chris and our staff.",5882807,NULL,"20090801-02.mp3","2009-08-02","Dr. Chris Stephens","2009-08-02 00:00:00","2009-08-02 00:00:00","2009-08-02 07:51:20"
58,18,1,"lifestyle","sermon","Lifestyle","Has there ever been something you wanted to know but were afraid to ask? This July, we're starting a new sermon series called \"You Asked For It.\" It's your opportunity to ask tough questions about the Bible, ethics and life and get honest answers from Pastor Chris and our staff.",6014678,NULL,"20090808-09.mp3","2009-08-09","Dr. Chris Stephens","2009-08-09 00:00:00","2009-08-09 00:00:00","2009-08-15 15:54:22"
59,19,NULL,"trailer","promo","Trailer",NULL,6014553,NULL,NULL,"2009-08-15",NULL,"2009-08-15 00:00:00","2009-08-15 00:00:00","2009-08-15 00:00:00"
60,19,1,"under-the-influence","sermon","Under the Influence","What does it mean to be under the influence? Intoxication is an altered state of mind. Your judgment and behavior are different. You lack your normal inhibitions. Often the more you get, the more you want. Join us as we begin our new series: Intoxicated.",6129673,NULL,"20090815-16.mp3","2009-08-16","Dr. Chris Stephens","2009-08-16 00:00:00","2009-08-16 00:00:00","2009-08-15 20:50:45"
61,19,1,"shaken-not-stirred","sermon","Shaken Not Stirred","What does it mean to be under the influence? Intoxication is an altered state of mind. Your judgment and behavior are different. You lack your normal inhibitions. Often the more you get, the more you want. Join us as we begin our new series: Intoxicated.",6227744,NULL,"20090822-23.mp3","2009-08-23","Dr. Chris Stephens","2009-08-23 00:00:00","2009-08-23 00:00:00","2009-08-22 20:51:52"
62,19,25,"inebriated","sermon","Inebriated","What does it mean to be under the influence? Intoxication is an altered state of mind. Your judgment and behavior are different. You lack your normal inhibitions. Often the more you get, the more you want. Join us as we begin our new series: Intoxicated.",6344425,NULL,"20090829-30.mp3","2009-08-30","Matt Grimes","2009-08-30 00:00:00","2009-08-30 00:00:00","2009-08-30 00:00:00"
63,19,1,"liquid-courage","sermon","Liquid Courage","What does it mean to be under the influence? Intoxication is an altered state of mind. Your judgment and behavior are different. You lack your normal inhibitions. Often the more you get, the more you want. Join us as we begin our new series: Intoxicated.",6449854,6484766,"20090905-06.mp3","2009-09-06","Dr. Chris Stephens","2009-09-06 00:00:00","2009-09-06 00:00:00","2009-09-05 20:59:24"
64,20,NULL,"trailer","promo","Trailer",NULL,6454465,NULL,NULL,"2009-09-12",NULL,"2009-09-12 00:00:00","2009-09-12 00:00:00","2009-09-12 00:00:00"
65,20,1,"why-not-community","sermon","Why Not Community?","Join us as we take a practical look at how we can grow in our faith.",6551954,6552260,"20090912-13.mp3","2009-09-13","Dr. Chris Stephens","2009-09-13 00:00:00","2009-09-13 00:00:00","2009-09-12 20:39:22"
66,20,1,"fertilizer","sermon","Fertilizer","Join us as we take a practical look at how we can grow in our faith.",6661744,6661753,"20090919-20.mp3","2009-09-20","Dr. Chris Stephens","2009-09-20 00:00:00","2009-09-20 00:00:00","2009-09-20 10:24:19"
67,20,1,"just-add-water","sermon","Just Add Water","Join us as we take a practical look at how we can grow in our faith.",6773736,6780035,"20090926-27.mp3","2009-09-27","Dr. Chris Stephens","2009-09-27 00:00:00","2009-09-27 00:00:00","2009-09-26 23:39:18"
68,20,1,"pruning-stuff","sermon","Pruning Stuff","Join us as we take a practical look at how we can grow in our faith.",6891625,6892716,"20091003-04.mp3","2009-10-04","Dr. Chris Stephens","2009-10-04 00:00:00","2009-10-04 00:00:00","2009-10-03 21:05:50"
69,20,1,"over-watered","sermon","Over-Watered","Join us as we take a practical look at how we can grow in our faith.",7003627,7009298,"20091010-11.mp3","2009-10-11","Dr. Chris Stephens","2009-10-11 00:00:00","2009-10-11 00:00:00","2009-10-11 10:07:25"
70,20,1,"bloom-where-youre-planted","sermon","Bloom Where You're Planted","Join us as we take a practical look at how we can grow in our faith.",7149981,7149471,"20091017-18.mp3","2009-10-18","Dr. Chris Stephens","2009-10-18 00:00:00","2009-10-18 00:00:00","2009-10-17 20:35:35"
71,21,1,"no-room","sermon","No Room","The Journey is our two-year faith and building program with the goal of expanding our ministry influence locally to reach the seven surrounding counties and the world for Christ.",7248730,7332760,"20091024-25.mp3","2009-10-25","Dr. Chris Stephens","2009-10-25 00:00:00","2009-10-25 00:00:00","2009-10-25 13:32:10"
72,22,NULL,"trailer","promo","Trailer",NULL,7494650,NULL,NULL,"2009-11-07",NULL,"2009-11-07 00:00:00","2009-11-07 00:00:00","2009-11-07 00:00:00"
73,22,1,"the-imposter","sermon","The Imposter","What if the unseen world – the spiritual forces at work in the world around us – could be seen?  What kinds of battles would we find in our own lives and in our own homes.

<p>Click the video image to go to full screen once the service has started.</p>",7502042,7806840,"20091107-08.mp3","2009-11-08","Dr. Chris Stephens","2009-11-08 00:00:00","2009-11-08 00:00:00","2009-11-07 20:52:53"
74,22,1,"sin-is-an-inside-job","sermon","Sin Is An Inside Job","What if the unseen world – the spiritual forces at work in the world around us – could be seen?  What kinds of battles would we find in our own lives and in our own homes.

<p>Click the video image to go to full screen once the service has started.</p>",7618126,7879180,"20091114-15.mp3","2009-11-15","Dr. Chris Stephens","2009-11-15 00:00:00","2009-11-15 00:00:00","2009-11-14 20:45:47"
75,22,1,"behind-enemy-lines","sermon","Behind Enemy Lines","What if the unseen world – the spiritual forces at work in the world around us – could be seen?  What kinds of battles would we find in our own lives and in our own homes.

<p>Click the video image to go to full screen once the service has started.</p>",7749540,7970539,"20091121-22.mp3","2009-11-22","Dr. Chris Stephens","2009-11-22 00:00:00","2009-11-22 00:00:00","2009-11-21 21:18:20"
76,22,1,"an-attitude-of-gratitude","sermon","An Attitude of Gratitude ","What if the unseen world – the spiritual forces at work in the world around us – could be seen?  What kinds of battles would we find in our own lives and in our own homes.

<p>Click the video image to go to full screen once the service has started.</p>",7879159,8062906,"20091128-29.mp3","2009-11-29","Dr. Chris Stephens","2009-11-29 00:00:00","2009-11-29 00:00:00","2009-11-28 19:14:37"
77,23,NULL,"trailer","promo","Trailer",NULL,7871547,NULL,NULL,"2009-12-05",NULL,"2009-12-05 00:00:00","2009-12-05 00:00:00","2009-12-05 00:00:00"
78,23,1,"have-you-been-scrooged","sermon","Have You Been Scrooged?","For many of us, the Christmas season doesn’t officially begin until we watch our favorite Christmas movie — a Christmas Classic that warms our heart and brings the joy of Christmas home to us year after year. Each weekend this December will be a classic as we take a new look at some old familiar films.
<p>Click the video image to go to full screen once the service has started.</p>",8007170,8063422,"20091205-06.mp3","2009-12-06","Dr. Chris Stephens","2009-12-06 00:00:00","2009-12-06 00:00:00","2009-12-06 10:02:54"
79,23,1,"would-you-leave-a-hole","sermon","Would You Leave a Hole?","For many of us, the Christmas season doesn’t officially begin until we watch our favorite Christmas movie — a Christmas Classic that warms our heart and brings the joy of Christmas home to us year after year. Each weekend this December will be a classic as we take a new look at some old familiar films.
<p>Click the video image to go to full screen once the service has started.</p>",8145295,8153272,"20091212-13.mp3","2009-12-13","Dr. Chris Stephens","2009-12-13 00:00:00","2009-12-13 00:00:00","2009-12-13 09:47:32"
80,23,1,"a-new-life","sermon","A New Life","For many of us, the Christmas season doesn’t officially begin until we watch our favorite Christmas movie — a Christmas Classic that warms our heart and brings the joy of Christmas home to us year after year. Each weekend this December will be a classic as we take a new look at some old familiar films.
<p>Click the video image to go to full screen once the service has started.</p>",8285724,8293754,"20091219-20.mp3","2009-12-20","Dr. Chris Stephens","2009-12-20 00:00:00","2009-12-20 00:00:00","2009-12-19 20:59:47"
81,24,1,"simeon","sermon","Simeon","Thanks for joining us online!
<p>Click the video image to go to full screen once the service has started.</p>",8400569,8407182,"20091225-26.mp3","2009-12-27","Dr. Chris Stephens","2009-12-27 00:00:00","2009-12-27 00:00:00","2009-12-26 19:03:52"
82,24,NULL,"dale-henry","sermon","Dale Henry","Thanks for joining us online as communicator Dr. Dale Henry shares with us from the stories in his life!  Prepared to laugh and be inspired.
<p>Click the video image to go to full screen once the service has started.</p>",8515935,8507567,"20100102-03.mp3","2010-01-03","Dale Henry","2010-01-03 00:00:00","2010-01-03 00:00:00","2010-01-02 20:32:17"
83,25,1,"trailer","sermon","Trailer",NULL,8507530,NULL,NULL,"2010-01-04","Dr. Chris Stephens","2010-01-04 00:00:00","2010-01-04 00:00:00","2010-01-04 00:00:00"
84,25,1,"what-not-to-wear","sermon","What Not to Wear","Did you know that God has a wardrobe designed just for you? Find out what to wear in our new series, \"What’s In Your Closet?\".",8643615,8644602,"20100109-10.mp3","2010-01-10","Dr. Chris Stephens","2010-01-10 00:00:00","2010-01-10 00:00:00","2010-01-09 22:19:35"
85,25,1,"dressed-for-success","sermon","Dressed for Success","Did you know that God has a wardrobe designed just for you? Find out what to wear in our new series, \"What’s In Your Closet?\".",8788624,8788765,"20100116-17.mp3","2010-01-17","Dr. Chris Stephens","2010-01-17 00:00:00","2010-01-17 00:00:00","2010-01-17 22:04:19"
86,25,1,"get-changed","sermon","Get Changed","Did you know that God has a wardrobe designed just for you? Find out what to wear in our new series, \"What’s In Your Closet?\".",8939778,8947045,"20100123-24.mp3","2010-01-24","Dr. Chris Stephens","2010-01-24 00:00:00","2010-01-24 00:00:00","2010-01-23 20:31:53"
87,25,1,"put-on-your-dancing-clothes","sermon","Put On Your Dancing Clothes","Did you know that God has a wardrobe designed just for you? Find out what to wear in our series, \"What’s In Your Closet?\".",9106697,NULL,"20100130-31.mp3","2010-01-31","Dr. Chris Stephens","2010-01-31 00:00:00","2010-01-31 00:00:00","2010-01-30 15:12:17"
88,26,NULL,"trailer","promo","Trailer",NULL,9792372,NULL,NULL,"2010-02-01",NULL,"2010-02-01 00:00:00","2010-02-01 00:00:00","2010-02-01 00:00:00"
89,26,1,"happy-birthday-fpc","sermon","Happy Birthday, FPC","During the month of February, Faith Promise will be celebrating our 15 Year Anniversary. We will take a look at our history as well as the vision God has given us for the future.",9262439,9270155,"20100206-07.mp3","2010-02-07","Dr. Chris Stephens","2010-02-07 00:00:00","2010-02-07 00:00:00","2010-02-06 20:56:31"
90,26,1,"transformation","sermon","Transformation","During the month of February, Faith Promise will be celebrating our 15 Year Anniversary. We will take a look at our history as well as the vision God has given us for the future.",9435708,9442605,"20100213-14.mp3","2010-02-14","Dr. Chris Stephens","2010-02-14 00:00:00","2010-02-14 00:00:00","2010-02-13 21:08:53"
91,26,1,"20-20-vision","sermon","20/20 Vision","During the month of February, Faith Promise will be celebrating our 15 Year Anniversary. We will take a look at our history as well as the vision God has given us for the future.",9610534,9610797,"20100220-21.mp3","2010-02-21","Dr. Chris Stephens","2010-02-21 00:00:00","2010-02-21 00:00:00","2010-02-20 20:37:01"
92,26,1,"comming-to-a-location-near-you","sermon","Coming to a Location Near You","During the month of February, Faith Promise will be celebrating our 15 Year Anniversary. We will take a look at our history as well as the vision God has given us for the future.",9792375,9792588,"20100227-28.mp3","2010-02-28","Dr. Chris Stephens","2010-02-28 00:00:00","2010-02-28 00:00:00","2010-02-27 21:05:34"
93,26,1,"blount-county","sermon","10% Tithe - Blount County","During the month of February, Faith Promise will be celebrating our 15 Year Anniversary. We will take a look at our history as well as the vision God has given us for the future.",9979263,10068543,"20100306-07.mp3","2010-03-07","Dr. Chris Stephens","2010-03-07 00:00:00","2010-03-07 00:00:00","2010-03-07 13:31:21"
94,28,NULL,"trailer","promo","Trailer",NULL,10145057,NULL,NULL,"2010-03-13",NULL,"2010-03-13 00:00:00","2010-03-13 00:00:00","2010-03-13 00:00:00"
95,28,1,"i-want-the-blessings","sermon","I Want the Blessings","This weekend we begin a new two-week sermon series leading up to Easter called, Stocks & Bonds.  Stocks and bonds can be an imprisonment or an investment…you make the choice.",10153527,10153514,"20100313-14.mp3","2010-03-14","Dr. Chris Stephens","2010-03-14 00:00:00","2010-03-14 00:00:00","2010-03-13 21:29:07"
96,28,1,"two-minute-warning","sermon","Two Minute Warning","This weekend we conclude a new two-week sermon series leading up to Easter called, Stocks & Bonds.  Stocks and bonds can be an imprisonment or an investment... you make the choice.",10315745,10326429,"20100320-21.mp3","2010-03-21","Dr. Chris Stephens","2010-03-21 00:00:00","2010-03-21 00:00:00","2010-03-20 20:51:52"
97,30,1,"the-worst-day-ever","sermon","The Worst Day Ever","There was once a day when all hope was lost, but that was not the end of the story.  Join us online as we consider the resurrection and find hope in the risen Savior.

<ul>
<li>Saturday, April 3 at 5:30 & 7:00 pm</li>
<li>Sunday, April 4 at 8:30, 10:00 & 11:45 am and 9:00 pm</li>
</ul>",10662267,10669453,"20100402-04.mp3","2010-04-04","Dr. Chris Stephens","2010-04-04 00:00:00","2010-04-04 00:00:00","2010-04-02 22:31:09"
98,31,NULL,"trailer","promo","Trailer",NULL,10844439,NULL,NULL,"2010-04-05",NULL,"2010-04-05 00:00:00","2010-04-05 00:00:00","2010-04-05 00:00:00"
99,31,1,"a-faulty-foundation","sermon","A Faulty Foundation","They might be crazy, but for better or for worse, you are related.  Join us as we look at what it means to be a family and how to deal with those crazy relatives.",10844563,10846061,"20100410-11.mp3","2010-04-11","Dr. Chris Stephens","2010-04-11 00:00:00","2010-04-11 00:00:00","2010-04-10 20:43:02"
100,31,1,"construction-or-deconstruction","sermon","Construction or Deconstruction","They might be crazy, but for better or for worse, you are related.  Join us as we look at what it means to be a family and how to deal with those crazy relatives.",11020508,11021841,"20100417-18.mp3","2010-04-18","Dr. Chris Stephens","2010-04-18 00:00:00","2010-04-18 00:00:00","2010-04-17 20:26:45"
101,31,1,"family-feud","sermon","Family Feud","They might be crazy, but for better or for worse, you are related.  Join us as we look at what it means to be a family and how to deal with those crazy relatives.",11206918,11208472,"20100424-25.mp3","2010-04-25","Dr. Chris Stephens","2010-04-25 00:00:00","2010-04-25 00:00:00","2010-04-24 20:39:36"
102,31,1,"the-grass-is-not-greener","sermon","The Grass Is Not Greener","They might be crazy, but for better or for worse, you are related.  Join us as we look at what it means to be a family and how to deal with those crazy relatives.",11396195,11426638,"20100501-02.mp3","2010-05-02","Dr. Chris Stephens","2010-05-02 00:00:00","2010-05-02 00:00:00","2010-05-01 20:34:24"
103,31,1,"moms-and-spiritual-markers","sermon","Moms & Spiritual Markers","They might be crazy, but for better or for worse, you are related.  Join us as we look at what it means to be a family and how to deal with those crazy relatives.",11594462,11622707,"20100508-09.mp3","2010-05-09","Dr. Chris Stephens","2010-05-09 00:00:00","2010-05-09 00:00:00","2010-05-08 20:41:30"
104,32,NULL,"trailer","promo","Trailer","Not all dreams happen while we’re sleeping. You may have aspirations of a different job, traveling the world, or new relationships, but we all have things we long for. Sometimes our dreams are pure, other times they’re not. Join us over the next few weeks as we consider how to approach our dreams with eyes wide open.",11957090,NULL,NULL,"2010-05-15",NULL,"2010-05-15 00:00:00","2010-05-15 00:00:00","2010-05-15 00:00:00"
105,32,1,"have-you-dumped-your-dreams","sermon","Have You Dumped Your Dreams?","Not all dreams happen while we’re sleeping. You may have aspirations of a different job, traveling the world, or new relationships, but we all have things we long for. Sometimes our dreams are pure, other times they’re not. Join us over the next few weeks as we consider how to approach our dreams with eyes wide open.",11968533,11989705,"20100515-16.mp3","2010-05-16","Dr. Chris Stephens","2010-05-16 00:00:00","2010-05-16 00:00:00","2010-05-15 20:57:43"
106,32,1,"dont-dwarf-it-morph-it","sermon","Don't Dwarf It - Morph It","Not all dreams happen while we’re sleeping. You may have aspirations of a different job, traveling the world, or new relationships, but we all have things we long for. Sometimes our dreams are pure, other times they’re not. Join us over the next few weeks as we consider how to approach our dreams with eyes wide open.",11965150,11966250,"20100522-23.mp3","2010-05-23","Dr. Chris Stephens","2010-05-23 00:00:00","2010-05-23 00:00:00","2010-05-23 09:18:56"
107,32,1,"god-is-in-the-gaps","sermon","God's in the Gaps","Not all dreams happen while we’re sleeping. You may have aspirations of a different job, traveling the world, or new relationships, but we all have things we long for. Sometimes our dreams are pure, other times they’re not. Join us over the next few weeks as we consider how to approach our dreams with eyes wide open.",12142477,12143375,"20100529-30.mp3","2010-05-30","Dr. Chris Stephens","2010-05-30 00:00:00","2010-05-30 00:00:00","2010-05-30 00:00:00"
108,32,1,"you-be-the-one","sermon","You Be The One","Not all dreams happen while we’re sleeping. You may have aspirations of a different job, traveling the world, or new relationships, but we all have things we long for. Sometimes our dreams are pure, other times they’re not. Join us over the next few weeks as we consider how to approach our dreams with eyes wide open.",12327687,12336275,"20100605-06.mp3","2010-06-06","Dr. Chris Stephens","2010-06-06 00:00:00","2010-06-06 00:00:00","2010-06-06 00:21:14"
109,33,NULL,"trailer","promo","Trailer",NULL,12530942,NULL,NULL,"2010-06-12",NULL,"2010-06-12 00:00:00","2010-06-12 00:00:00","2010-06-12 00:00:00"
110,33,1,"loving-god-heart-of-god","sermon","Loving God, The Heart of God","What happens when the catch you are after demands more than you were expecting? Are you willing to brave the elements and immerse yourself into a not-so-friendly environment? Join us for the next three weeks as we cast aside the easy life and embark upon the Deadliest Catch.",12554033,12519703,"20100612-13.mp3","2010-06-13","Dr. Chris Stephens","2010-06-13 00:00:00","2010-06-13 00:00:00","2010-06-13 00:13:47"
111,33,1,"endangered-species","sermon","Endangered Species","What happens when the catch you are after demands more than you were expecting? Are you willing to brave the elements and immerse yourself into a not-so-friendly environment? Join us for the next three weeks as we cast aside the easy life and embark upon the Deadliest Catch. ",12703718,12710960,"20100619-20.mp3","2010-06-20","Dr. Chris Stephens","2010-06-20 00:00:00","2010-06-20 00:00:00","2010-06-20 00:46:39"
112,33,1,"the-cry-of-the-lost","sermon","The Cry of the Lost","What happens when the catch you are after demands more than you were expecting? Are you willing to brave the elements and immerse yourself into a not-so-friendly environment? Join us for the next three weeks as we cast aside the easy life and embark upon the Deadliest Catch. ",12883599,12883757,"20100626-27.mp3","2010-06-27","Dr. Chris Stephens","2010-06-27 00:00:00","2010-06-27 00:00:00","2010-06-27 00:46:43"
113,35,NULL,"trailer","promo","Trailer",NULL,13238159,NULL,NULL,"2010-07-10",NULL,"2010-07-10 00:00:00","2010-07-10 00:00:00","2010-07-10 00:00:00"
114,35,1,"how-could-we-miss-this","sermon","How Could We Miss This?",NULL,13238414,13238601,"20100710-11.mp3","2010-07-11","Dr. Chris Stephens","2010-07-11 00:00:00","2010-07-11 00:00:00","2010-07-11 02:12:24"
115,35,1,"are-you-sure","sermon","Are You Sure?",NULL,13423124,13423589,"20100717-18.mp3","2010-07-18","Dr. Chris Stephens","2010-07-18 00:00:00","2010-07-18 00:00:00","2010-07-18 00:43:28"
116,35,1,"all-you-own-is-on-loan","sermon","All You Own is On Loan",NULL,13613155,NULL,"20100724-25.mp3","2010-07-25","Dr. Chris Stephens","2010-07-25 00:00:00","2010-07-25 00:00:00","2010-07-25 00:45:23"
117,35,1,"hes-bringing-it-with-him","sermon","He's Bringing it with Him",NULL,13801465,13801971,"20100731-01.mp3","2010-08-01","Dr. Chris Stephens","2010-08-01 00:00:00","2010-08-01 00:00:00","2010-08-01 00:52:58"
118,37,NULL,"trailer","promo","Trailer","Join us as we step out in faith, believing that God wants to do abundantly more in our lives....",13968709,NULL,NULL,"2010-08-07",NULL,"2010-08-07 00:00:00","2010-08-07 00:00:00","2010-08-07 00:00:00"
119,37,1,"preparing-for-a-miracle","sermon","Preparing For A Miracle","Join us as we step out in faith, believing that God wants to do abundantly more in our lives....",13968758,13968857,"20100807-08.mp3","2010-08-08","Dr. Chris Stephens","2010-08-08 00:00:00","2010-08-08 00:00:00","2010-08-08 00:27:06"
120,37,1,"i-need-a-breakthrough","sermon","I Need A Breakthrough","Join us as we step out in faith, believing that God wants to do abundantly more in our lives....",14148037,14155077,"20100814-15.mp3","2010-08-15","Dr. Chris Stephens","2010-08-15 00:00:00","2010-08-15 00:00:00","2010-08-15 00:09:04"
121,37,1,"a-miracle-weekend","sermon","A Miracle Weekend","Join us as we step out in faith, believing that God wants to do abundantly more in our lives....",14327354,14327799,NULL,"2010-08-22","Dr. Chris Stephens","2010-08-22 00:00:00","2010-08-22 00:00:00","2010-08-22 02:32:55"
122,38,1,"peer-pressure","sermon","Peer Pressure",NULL,14512841,14513004,"20100828-29.mp3","2010-08-29","Dr. Chris Stephens","2010-08-29 00:00:00","2010-08-29 00:00:00","2010-08-29 00:20:13"
123,38,52,"happy-isnt-good-enough","sermon","Happy Isn't Good Enough",NULL,14705660,14705870,"20100904-05.mp3","2010-09-05","Michael Wallace","2010-09-05 00:00:00","2010-09-05 00:00:00","2010-09-05 00:32:11"
124,39,NULL,"trailer","promo","Trailer",NULL,14705670,NULL,NULL,"2010-09-11",NULL,"2010-09-11 00:00:00","2010-09-11 00:00:00","2010-09-11 00:00:00"
125,39,1,"me-too","sermon","Me Too!","What do you do when God doesn't show up the way you thought He would?",14891951,14892085,"20100911-12.mp3","2010-09-12","Dr. Chris Stephens","2010-09-12 00:00:00","2010-09-12 00:00:00","2010-09-12 00:21:08"
126,39,1,"what-have-you-done-for-me-lately","sermon","What Have You Done For Me Lately?","What do you do when God doesn't show up the way you thought He would?",15088547,15088696,"20100918-19.mp3","2010-09-19","Dr. Chris Stephens","2010-09-19 00:00:00","2010-09-19 00:00:00","2010-09-19 00:15:21"
127,39,1,"the-illusion-of-control","sermon","The Illusion of Control","What do you do when God doesn't show up the way you thought He would?",15288477,15288811,"20100925-26.mp3","2010-09-26","Dr. Chris Stephens","2010-09-26 00:00:00","2010-09-26 00:00:00","2010-09-26 16:11:56"
128,40,NULL,"trailer","promo","Trailer",NULL,15492484,NULL,NULL,"2010-10-02",NULL,"2010-10-02 00:00:00","2010-10-02 00:00:00","2010-10-02 00:00:00"
129,40,1,"whatever-it-takes","sermon","Whatever it Takes!",NULL,15492945,15493184,"20101002-03.mp3","2010-10-03","Dr. Chris Stephens","2010-10-03 00:00:00","2010-10-03 00:00:00","2010-10-03 00:15:14"
130,40,2,"distracted","sermon","Distracted",NULL,15699235,15707642,"20101009-10.mp3","2010-10-10","Dr. Josh Whitehead","2010-10-10 00:00:00","2010-10-10 00:00:00","2010-10-10 00:20:35"
131,40,1,"expanding-our-heart","sermon","Expanding Our Heart",NULL,15911307,15911835,"20101016-17.mp3","2010-10-17","Dr. Chris Stephens","2010-10-17 00:00:00","2010-10-17 00:00:00","2010-10-17 00:23:30"
132,40,1,"your-primary-purpose","sermon","Your Primary Purpose?",NULL,16130459,16130704,"20101023-24.mp3","2010-10-24","Dr. Chris Stephens","2010-10-24 00:00:00","2010-10-24 00:00:00","2010-10-24 00:40:52"
133,42,NULL,"trailer","promo","Trailer","Have you ever wondered how the hereafter affects the here and now?",16400192,NULL,NULL,"2010-11-06",NULL,"2010-11-06 00:00:00","2010-11-06 00:00:00","2010-11-06 00:00:00"
134,42,1,"not-ashamed","sermon","Not Ashamed",NULL,16574160,16574463,"20101106-07.mp3","2010-11-07","Dr. Chris Stephens","2010-11-07 00:00:00","2010-11-07 00:00:00","2010-11-06 23:31:21"
135,42,1,"the-gospel-really-is-good-news","sermon","The Gospel Really Is Good News",NULL,16806537,16806639,"20101114-15.mp3","2010-11-14","Dr. Chris Stephens","2010-11-14 00:00:00","2010-11-14 00:00:00","2010-11-14 00:16:10"
136,42,1,"giving-your-life-away","sermon","Giving Your Life Away",NULL,17039580,17039714,"20101120-21.mp3","2010-11-21","Dr. Chris Stephens","2010-11-21 00:00:00","2010-11-21 00:00:00","2010-11-21 01:14:16"
137,42,1,"a-reason-to-rejoice","sermon","A Reason to Rejoice",NULL,17249257,17249503,"20101127-28.mp3","2010-11-28","Dr. Chris Stephens","2010-11-28 00:00:00","2010-11-28 00:00:00","2010-11-28 00:18:11"
138,43,1,"who-is-your-king","sermon","Who is Your King?",NULL,17734319,18403981,"20101204-05_.mp3","2010-12-05","Dr. Chris Stephens","2010-12-05 00:00:00","2010-12-05 00:00:00","2010-12-05 00:20:23"
139,43,1,"christmas-upside-down","sermon","Christmas Upside Down",NULL,17734486,18404606,"20101211-12.mp3","2010-12-12","Dr. Chris Stephens","2010-12-12 00:00:00","2010-12-12 00:00:00","2010-12-12 00:06:12"
140,44,1,"a-new-year-a-new-day","sermon","A New Year - A New Day",NULL,18368388,18368744,"20110101-02.mp3","2011-01-02","Dr. Chris Stephens","2011-01-02 00:00:00","2011-01-02 00:00:00","2011-01-02 15:04:56"
141,44,NULL,"dale-henry","sermon","God, Make Me Humble",NULL,18576115,18577223,"20110108-09.mp3","2011-01-09","Dale Henry","2011-01-09 00:00:00","2011-01-09 00:00:00","2011-01-09 00:12:46"
142,45,NULL,"trailer","promo","Trailer",NULL,18576639,NULL,NULL,"2011-01-15",NULL,"2011-01-15 00:00:00","2011-01-15 00:00:00","2011-01-15 00:00:00"
143,45,1,"the-bride","sermon","The Bride",NULL,18830050,18831075,"20110115-16.mp3","2011-01-16","Dr. Chris Stephens","2011-01-16 00:00:00","2011-01-16 00:00:00","2011-01-16 00:18:00"
144,45,1,"the-table","sermon","The Table",NULL,19078432,19078765,"20110122-23.mp3","2011-01-23","Dr. Chris Stephens","2011-01-23 00:00:00","2011-01-23 00:00:00","2011-01-23 00:12:06"
145,45,1,"passing-the-baton","sermon","Passing the Baton",NULL,19340922,19341123,"20110129-30.mp3","2011-01-30","Dr. Chris Stephens","2011-01-30 00:00:00","2011-01-30 00:00:00","2011-01-30 00:22:45"
146,45,1,"take-the-money-and-run","sermon","Take the Money and Run!",NULL,19613711,19625619,"20110205-06.mp3","2011-02-06","Dr. Chris Stephens","2011-02-06 00:00:00","2011-02-06 00:00:00","2011-02-06 00:31:20"
147,46,NULL,"trailer","promo","Trailer",NULL,19669514,NULL,NULL,"2011-02-07",NULL,"2011-02-07 00:00:00","2011-02-07 00:00:00","2011-02-07 00:00:00"
148,46,1,"the-failing-family","sermon","The Failing Family",NULL,19879641,19879769,"20110212-13.mp3","2011-02-13","Dr. Chris Stephens","2011-02-13 00:00:00","2011-02-13 00:00:00","2011-02-13 00:44:25"
149,46,66,"human-trafficking","sermon","Human Trafficking",NULL,20151634,20151832,"20110219-20.mp3","2011-02-20","Christine Caine","2011-02-20 00:00:00","2011-02-20 00:00:00","2011-02-20 00:56:38"
150,46,1,"hunger-and-thirst","sermon","Hunger and Thirst",NULL,20419615,20419737,"20110226-27.mp3","2011-02-27","Dr. Chris Stephens","2011-02-27 00:00:00","2011-02-27 00:00:00","2011-02-27 00:40:29"
151,46,1,"i-am-broke","sermon","I'm Broke",NULL,20692930,20693291,"20110305-06.mp3","2011-03-06","Dr. Chris Stephens","2011-03-06 00:00:00","2011-03-06 00:00:00","2011-03-06 00:33:10"
152,47,NULL,"trailer","promo","Trailer",NULL,20692916,NULL,NULL,"2011-03-12",NULL,"2011-03-12 00:00:00","2011-03-12 00:00:00","2011-03-12 00:00:00"
153,47,1,"could-it-be-that-easy","sermon","Could it Be That Easy?",NULL,20967858,20968280,"20110312-13.mp3","2011-03-13","Dr. Chris Stephens","2011-03-13 00:00:00","2011-03-13 00:00:00","2011-03-13 00:27:26"
154,47,1,"walking-in-the-favor","sermon","Walking in the Favor",NULL,21246105,21246369,"20110319-20.mp3","2011-03-20","Dr. Chris Stephens","2011-03-20 00:00:00","2011-03-20 00:00:00","2011-03-19 23:28:33"
155,47,1,"any-roi","sermon","Any ROI?",NULL,21536911,21537145,"20110326-27.mp3","2011-03-27","Dr. Chris Stephens","2011-03-27 00:00:00","2011-03-27 00:00:00","2011-03-26 23:20:46"
156,48,NULL,"trailer","promo","Trailer",NULL,21245749,NULL,NULL,"2011-04-02",NULL,"2011-04-02 00:00:00","2011-04-02 00:00:00","2011-04-02 00:00:00"
157,48,1,"making-it-hard-to-go-to-hell","sermon","Making it Hard to Go to Hell",NULL,21860979,21861116,"20110402-03.mp3","2011-04-03","Dr. Chris Stephens","2011-04-03 00:00:00","2011-04-03 00:00:00","2011-04-02 23:34:27"
158,48,1,"pushing-the-limits","sermon","Pushing the Limits",NULL,22192421,22191950,"20110409-10.mp3","2011-04-10","Dr. Chris Stephens","2011-04-10 00:00:00","2011-04-10 00:00:00","2011-04-09 23:18:52"
159,50,NULL,"trailer","promo","Trailer",NULL,22467271,NULL,NULL,"2011-04-23",NULL,"2011-04-23 00:00:00","2011-04-23 00:00:00","2011-04-23 00:00:00"
160,50,1,"an-open-door","sermon","An Open Door",NULL,22786197,22786655,"20110423-24.mp3","2011-04-24","Dr. Chris Stephens","2011-04-24 00:00:00","2011-04-24 00:00:00","2011-04-23 23:25:15"
161,51,NULL,"trailer","promo","Trailer",NULL,22467301,NULL,NULL,"2011-04-30",NULL,"2011-04-30 00:00:00","2011-04-30 00:00:00","2011-04-30 00:00:00"
162,51,1,"a-firm-foundation","sermon","A Firm Foundation",NULL,23114859,23115997,"20110430-01.mp3","2011-05-01","Dr. Chris Stephens","2011-05-01 00:00:00","2011-05-01 00:00:00","2011-05-01 01:17:27"
163,51,1,"momsmosphere","sermon","Momsmosphere",NULL,23439466,23441364,"20110507-08.mp3","2011-05-08","Dr. Chris Stephens","2011-05-08 00:00:00","2011-05-08 00:00:00","2011-05-08 00:44:24"
164,51,NULL,"bohemian-tribute","promo","Bohemian Tribute to Moms",NULL,23438624,NULL,NULL,"2011-05-08",NULL,"2011-05-08 00:00:00","2011-05-08 00:00:00","2011-05-08 00:00:00"
165,51,1,"widen-the-circle","sermon","Widen the Circle",NULL,23739716,23739947,"20110514-15.mp3","2011-05-15","Dr. Chris Stephens","2011-05-15 00:00:00","2011-05-15 00:00:00","2011-05-14 23:17:59"
166,51,1,"launching-pad-or-prison","sermon","Launching Pad or Prison?",NULL,24381643,24381662,"20110514-15.mp3","2011-05-22","Dr. Chris Stephens","2011-05-22 00:00:00","2011-05-22 00:00:00","2011-05-21 23:19:04"
167,51,2,"creating-a-rhythm","sermon","Creating a Rhythm",NULL,24368770,24369099,"20110521-22.mp3","2011-05-29","Dr. Josh Whitehead","2011-05-29 00:00:00","2011-05-29 00:00:00","2011-05-29 00:35:41"
168,52,1,"debt-paid-door-open","sermon","Debt Paid, Door Open",NULL,24665980,24666660,"20110604-05.mp3","2011-06-05","Dr. Chris Stephens","2011-06-05 00:00:00","2011-06-05 00:00:00","2011-06-05 00:40:24"
169,52,1,"put-me-back-in","sermon","Put Me Back In!",NULL,24975561,24976383,"20110611-12.mp3","2011-06-12","Dr. Chris Stephens","2011-06-12 00:00:00","2011-06-12 00:00:00","2011-06-12 13:23:29"
170,53,NULL,"trailer","promo","Trailer",NULL,24681292,NULL,NULL,"2011-06-13",NULL,"2011-06-13 00:00:00","2011-06-13 00:00:00","2011-06-13 00:00:00"
171,53,1,"production","sermon","Production",NULL,25352696,25350555,NULL,"2011-06-19","Dr. Chris Stephens","2011-06-19 00:00:00","2011-06-19 00:00:00","2011-06-19 13:51:04"
172,53,NULL,"dad-life","promo","The Dad Life",NULL,25308535,NULL,NULL,"2011-06-19",NULL,"2011-06-19 00:00:00","2011-06-19 00:00:00","2011-06-19 00:00:00"
173,53,1,"the-fathers-love","sermon","The Father's Love",NULL,25609226,25608883,"20110625-26.mp3","2011-06-26","Dr. Chris Stephens","2011-06-26 00:00:00","2011-06-26 00:00:00","2011-06-25 23:22:51"
174,54,NULL,"trailer","promo","Trailer",NULL,25665259,NULL,NULL,"2011-07-03",NULL,"2011-07-03 00:00:00","2011-07-03 00:00:00","2011-07-03 00:00:00"
175,55,NULL,"trailer","promo","Trailer",NULL,25608870,NULL,NULL,"2011-07-04",NULL,"2011-07-04 00:00:00","2011-07-04 00:00:00","2011-07-04 00:00:00"
176,55,1,"the-wind-in-our-sails","sermon","The Wind in our Sails",NULL,26294692,26215729,"20110709-10.mp3","2011-07-10","Dr. Chris Stephens","2011-07-10 00:00:00","2011-07-10 00:00:00","2011-07-09 23:56:36"
177,55,2,"living-by-faith","sermon","Living By Faith",NULL,26543737,26544009,"20110716-17.mp3","2011-07-17","Dr. Josh Whitehead","2011-07-17 00:00:00","2011-07-17 00:00:00","2011-07-17 00:39:37"
178,55,2,"the-greatest-enemy-of-faith","sermon","The Greatest Enemy of Faith",NULL,26816477,26816928,"20110723-24.mp3","2011-07-24","Dr. Josh Whitehead","2011-07-24 00:00:00","2011-07-24 00:00:00","2011-07-23 23:40:11"
179,55,68,"what-voice","sermon","What Voice Are You Listening To?",NULL,27102049,27102333,"20110730-31.mp3","2011-07-31","Claude Thomas","2011-07-31 00:00:00","2011-07-31 00:00:00","2011-07-31 00:30:55"
180,56,NULL,"trailer","promo","Trailer",NULL,27102267,NULL,NULL,"2011-08-01",NULL,"2011-08-01 00:00:00","2011-08-01 00:00:00","2011-08-01 00:00:00"
181,56,1,"audacity-to-ask","sermon","Audacity to Ask",NULL,27385934,27385941,"20110806-07.mp3","2011-08-07","Dr. Chris Stephens","2011-08-07 00:00:00","2011-08-07 00:00:00","2011-08-06 23:35:45"
182,56,1,"faith-to-move","sermon","Faith to Move",NULL,27688421,27689704,"20110813-14.mp3","2011-08-14","Dr. Chris Stephens","2011-08-14 00:00:00","2011-08-14 00:00:00","2011-08-13 23:20:09"
183,56,1,"miracle-weekend","sermon","Miracle Weekend",NULL,27970559,NULL,NULL,"2011-08-21","Dr. Chris Stephens","2011-08-21 00:00:00","2011-08-21 00:00:00","2011-08-21 03:56:19"
184,56,1,"what-voice-are-you-listening-to","sermon","What Voice Are You Listening To?",NULL,28268399,28250035,"20110827-28.mp3","2011-08-28","Dr. Chris Stephens","2011-08-28 00:00:00","2011-08-28 00:00:00","2011-08-28 15:33:41"
185,57,45,"between2011","sermon","The Glorious Death",NULL,28578736,NULL,"20110903-04.mp3","2011-09-04","Zac Stephens","2011-09-04 00:00:00","2011-09-04 00:00:00","2011-09-04 14:08:25"
186,58,NULL,"trailer","promo","Trailer",NULL,28665086,NULL,NULL,"2011-09-05",NULL,"2011-09-05 00:00:00","2011-09-05 00:00:00","2011-09-05 00:00:00"
187,58,1,"was-it-good-for-you","sermon","Was it Good For You?",NULL,28874410,28874579,"20110910-11.mp3","2011-09-11","Dr. Chris Stephens","2011-09-11 00:00:00","2011-09-11 00:00:00","2011-09-10 23:16:37"
188,58,1,"performance-issues","sermon","Performance Issues",NULL,29202181,29202362,"20110917-18.mp3","2011-09-18","Dr. Chris Stephens","2011-09-18 00:00:00","2011-09-18 00:00:00","2011-09-17 23:24:21"
189,58,1,"keep-it-zipped-up","sermon","Keep it Zipped Up!",NULL,29556181,29751201,"20110924-25.mp3","2011-09-25","Dr. Chris Stephens","2011-09-25 00:00:00","2011-09-25 00:00:00","2011-09-24 23:24:02"
190,58,1,"lets-get-it-on","sermon","Let's Get it On! (PG-14)",NULL,29899391,NULL,"20111001-02.mp3","2011-10-02","Dr. Chris Stephens","2011-10-02 00:00:00","2011-10-02 00:00:00","2011-10-01 23:43:36"
191,59,NULL,"trailer","promo","Trailer",NULL,29898451,NULL,NULL,"2011-10-03",NULL,"2011-10-03 00:00:00","2011-10-03 00:00:00","2011-10-03 00:00:00"
192,59,1,"harboring-honor-in-your-heart","sermon","Harboring Honor in Your Heart",NULL,30254713,30449512,"20111008-09.mp3","2011-10-09","Dr. Chris Stephens","2011-10-09 00:00:00","2011-10-09 00:00:00","2011-10-08 23:13:49"
193,59,1,"a-learned-behavior","sermon","Honor: A Learned Behavior",NULL,30611738,30612213,"20111015-16.mp3","2011-10-16","Dr. Chris Stephens","2011-10-16 00:00:00","2011-10-16 00:00:00","2011-10-16 03:38:25"
194,59,1,"honoring-the-bride","sermon","Honoring the Bride",NULL,31046203,30982547,"20111022-23.mp3","2011-10-23","Dr. Chris Stephens","2011-10-23 00:00:00","2011-10-23 00:00:00","2011-10-22 23:25:43"
195,60,1,"brb","sermon","BRB",NULL,31315657,31332974,"20111029-30.mp3","2011-10-30","Dr. Chris Stephens","2011-10-30 00:00:00","2011-10-30 00:00:00","2011-10-29 23:34:30"
196,60,1,"does-he-have-to-come-now","sermon","Does He Have to Come Now?",NULL,31665940,31817564,"20111105-06.mp3","2011-11-06","Dr. Chris Stephens","2011-11-06 00:00:00","2011-11-06 00:00:00","2011-11-05 23:26:23"
197,60,1,"tc-of-the-b","sermon","TC of the B",NULL,32103426,32105330,"20111112-13.mp3","2011-11-13","Dr. Chris Stephens","2011-11-13 00:00:00","2011-11-13 00:00:00","2011-11-13 02:40:09"
198,62,52,"take-a-walk","sermon","Take a Walk",NULL,32739028,32740167,"20111126-27.mp3","2011-11-27","Michael Wallace","2011-11-27 00:00:00","2011-11-27 00:00:00","2011-11-27 00:19:29"
199,63,1,"christmas-predicted","sermon","Christmas Predicted",NULL,33105441,33106378,"20111203-04.mp3","2011-12-04","Dr. Chris Stephens","2011-12-04 00:00:00","2011-12-04 00:00:00","2011-12-04 00:36:21"
200,63,1,"christmas-presented","sermon","Christmas Presented",NULL,33481847,33481764,"20111210-11.mp3","2011-12-11","Dr. Chris Stephens","2011-12-11 00:00:00","2011-12-11 00:00:00","2011-12-11 00:41:25"
201,63,1,"christmas","sermon","Christmas Weekend",NULL,34186634,34507236,NULL,"2011-12-25","Dr. Chris Stephens","2011-12-25 00:00:00","2011-12-25 00:00:00","2011-12-24 23:21:47"
202,64,1,"a-new-year-a-new-day","sermon","A New Year - A New Day",NULL,34621845,34845424,"20120101.mp3","2012-01-01","Dr. Chris Stephens","2012-01-01 00:00:00","2012-01-01 00:00:00","2012-01-01 07:01:42"
203,64,NULL,"dale-henry","sermon","It's the Least We Can Do",NULL,34739189,34739205,"20120107-08.mp3","2012-01-08","Dale Henry","2012-01-08 00:00:00","2012-01-08 00:00:00","2012-01-08 07:26:32"
204,65,1,"step-over-the-line","sermon","Step Over the Line",NULL,35097877,NULL,"20120114-15.mp3","2012-01-15","Dr. Chris Stephens","2012-01-15 00:00:00","2012-01-15 00:00:00","2012-01-15 02:29:38"
205,65,1,"a-generous-heart","sermon","A Generous Heart",NULL,35467438,35467826,"20120121-22.mp3","2012-01-22","Dr. Chris Stephens","2012-01-22 00:00:00","2012-01-22 00:00:00","2012-01-22 00:21:49"
206,65,1,"growing","sermon","Growing",NULL,35842534,35842431,"20120128-29.mp3","2012-01-29","Dr. Chris Stephens","2012-01-29 00:00:00","2012-01-29 00:00:00","2012-01-29 00:18:10"
207,65,1,"serving","sermon","Serving",NULL,36249027,36305619,"20120204-05.mp3","2012-02-05","Dr. Chris Stephens","2012-02-05 00:00:00","2012-02-05 00:00:00","2012-02-05 00:21:13"
208,66,1,"more-than-a-feeling","sermon","More Than a Feeling",NULL,36717267,36771037,"20120211-12.mp3","2012-02-12","Dr. Chris Stephens","2012-02-12 00:00:00","2012-02-12 00:00:00","2012-02-12 02:08:51"
209,66,1,"compassion-international","sermon","Compassion International",NULL,37056740,37057622,"20120218-19.mp3","2012-02-19","Dr. Chris Stephens","2012-02-19 00:00:00","2012-02-19 00:00:00","2012-02-19 00:32:23"
210,66,1,"compassion-equals-action","sermon","Compassion = Action",NULL,37537333,37478266,"20120225-26.mp3","2012-02-26","Dr. Chris Stephens","2012-02-26 00:00:00","2012-02-26 00:00:00","2012-02-26 15:53:27"
211,66,1,"just-do-it","sermon","Just Do It!",NULL,37895323,37899517,"20120303-04.mp3","2012-03-04","Dr. Chris Stephens","2012-03-04 00:00:00","2012-03-04 00:00:00","2012-03-04 00:12:26"
212,68,NULL,"trailer","promo","Trailer",NULL,39124916,NULL,NULL,"2012-03-05",NULL,"2012-03-05 00:00:00","2012-03-05 00:00:00","2012-03-05 00:00:00"
213,68,1,"still-small-voice","sermon","Still Small Voice",NULL,38315269,38315834,"20120310-11.mp3","2012-03-11","Dr. Chris Stephens","2012-03-11 00:00:00","2012-03-11 00:00:00","2012-03-11 00:20:45"
214,68,1,"got-your-ears-on","sermon","Got Your Ears On?",NULL,38712499,38776893,"20120317-18.mp3","2012-03-18","Dr. Chris Stephens","2012-03-18 00:00:00","2012-03-18 00:00:00","2012-03-17 23:19:16"
215,68,45,"test-the-tone","sermon","Test the Tone",NULL,39126857,39197254,"20120324-25.mp3","2012-03-25","Zac Stephens","2012-03-25 00:00:00","2012-03-25 00:00:00","2012-03-24 23:17:23"
216,68,1,"warfare-prayer","sermon","Warfare Prayer",NULL,39561545,39635588,"20120331-01.mp3","2012-04-01","Dr. Chris Stephens","2012-04-01 00:00:00","2012-04-01 00:00:00","2012-03-31 23:13:09"
217,70,NULL,"trailer","promo","Trailer",NULL,40153510,NULL,NULL,"2012-04-09",NULL,"2012-04-09 00:00:00","2012-04-09 00:00:00","2012-04-09 00:00:00"
218,70,1,"embarkation","sermon","Embarkation",NULL,40399144,42337750,"20120414-15.mp3","2012-04-15","Dr. Chris Stephens","2012-04-15 00:00:00","2012-04-15 00:00:00","2012-04-14 23:24:23"
219,70,1,"b-for-boogie","sermon","\"B\" for Boogie!",NULL,40813035,42338076,"20120421-22.mp3","2012-04-22","Dr. Chris Stephens","2012-04-22 00:00:00","2012-04-22 00:00:00","2012-04-22 13:20:50"
220,70,1,"by-faith-take-the-land","sermon","By Faith Take the Land",NULL,41525153,42338897,"20120428-29.mp3","2012-04-29","Dr. Chris Stephens","2012-04-29 00:00:00","2012-04-29 00:00:00","2012-04-28 23:15:43"
221,70,1,"no-one-went-alone","sermon","No One Went Alone",NULL,41798353,42341139,"20120505-06.mp3","2012-05-06","Dr. Chris Stephens","2012-05-06 00:00:00","2012-05-06 00:00:00","2012-05-05 23:24:20"
222,71,NULL,"trailer","promo","Trailer",NULL,41800476,NULL,NULL,"2012-05-07",NULL,"2012-05-07 00:00:00","2012-05-07 00:00:00","2012-05-07 00:00:00"
223,71,1,"what-is-your-house-built-on","sermon","What is Your House Built On?",NULL,42336256,42341720,"20120512-13.mp3","2012-05-13","Dr. Chris Stephens","2012-05-13 00:00:00","2012-05-13 00:00:00","2012-05-12 23:23:47"
224,71,1,"who-picks-your-priorities","sermon","Who Picks Your Priorities?",NULL,42567046,42547297,"20120519-20.mp3","2012-05-20","Dr. Chris Stephens","2012-05-20 00:00:00","2012-05-20 00:00:00","2012-05-19 23:15:49"
225,71,1,"experiencing-family-momentum","sermon","Experiencing Family Momentum",NULL,43140352,43039640,"20120526-27.mp3","2012-05-27","Dr. Chris Stephens","2012-05-27 00:00:00","2012-05-27 00:00:00","2012-05-26 23:17:08"
226,71,1,"fall-of-the-first-family","sermon","Fall of the First Family",NULL,43423702,43423732,"20120602-03.mp3","2012-06-03","Dr. Chris Stephens","2012-06-03 00:00:00","2012-06-03 00:00:00","2012-06-02 23:21:48"
227,71,52,"the-great-blending","sermon","The Great Blending",NULL,44263497,44064402,"20120609-10.mp3","2012-06-10","Michael Wallace","2012-06-10 00:00:00","2012-06-10 00:00:00","2012-06-10 13:33:52"
228,71,1,"the-fathers-blessing","sermon","The Father's Blessing",NULL,44274255,44269429,"20120616-17.mp3","2012-06-17","Dr. Chris Stephens","2012-06-17 00:00:00","2012-06-17 00:00:00","2012-06-16 23:14:17"
229,72,1,"godfidence","sermon","Godfidence",NULL,44693026,44693041,"20120623-24.mp3","2012-06-24","Dr. Chris Stephens","2012-06-24 00:00:00","2012-06-24 00:00:00","2012-06-23 23:10:46"
230,72,85,"empty-promises","sermon","Empty Promises",NULL,45093851,45137514,"20120630-0701.mp3","2012-07-01","Pete Wilson","2012-07-01 00:00:00","2012-07-01 00:00:00","2012-06-30 23:13:42"
231,72,2,"cave-dwellers","sermon","Cave Dwellers",NULL,45469129,45470692,"20120707-08.mp3","2012-07-08","Dr. Josh Whitehead","2012-07-08 00:00:00","2012-07-08 00:00:00","2012-07-08 10:56:48"
232,72,1,"passing-the-baton","sermon","Passing the Baton",NULL,45925960,45932219,"20120714-15.mp3","2012-07-15","Dr. Chris Stephens","2012-07-15 00:00:00","2012-07-15 00:00:00","2012-07-14 23:31:32"
233,73,NULL,"trailer","promo","Trailer",NULL,45465967,NULL,NULL,"2012-07-16",NULL,"2012-07-16 00:00:00","2012-07-16 00:00:00","2012-07-16 00:00:00"
234,73,1,"who-said-you-cant","sermon","Who Said You Can't?",NULL,46558055,46751771,"20120721-22.mp3","2012-07-22","Dr. Chris Stephens","2012-07-22 00:00:00","2012-07-22 00:00:00","2012-07-21 23:15:35"
235,73,1,"will-this-make-a-difference","sermon","Will This Make a Difference?",NULL,46765481,46765586,"20120728-29.mp3","2012-07-29","Dr. Chris Stephens","2012-07-29 00:00:00","2012-07-29 00:00:00","2012-07-28 23:21:57"
236,73,1,"who-me","sermon","Who Me?",NULL,47097800,47113497,"20120804-05.mp3","2012-08-05","Dr. Chris Stephens","2012-08-05 00:00:00","2012-08-05 00:00:00","2012-08-05 01:53:44"
237,73,25,"you-are-valuable","sermon","You Are Valuable",NULL,47518169,47518174,"20120811-12.mp3","2012-08-12","Matt Grimes","2012-08-12 00:00:00","2012-08-12 00:00:00","2012-08-11 23:27:28"
238,74,1,"pain-vs-pleasure","sermon","Pain vs. Pleasure",NULL,47935262,48376045,"20120818-19.mp3","2012-08-19","Dr. Chris Stephens","2012-08-19 00:00:00","2012-08-19 00:00:00","2012-08-18 23:40:31"
239,74,2,"gods-job-description","sermon","God's Job Description",NULL,48380992,48381725,"20120825-26.mp3","2012-08-26","Dr. Josh Whitehead","2012-08-26 00:00:00","2012-08-26 00:00:00","2012-08-25 23:21:48"
240,74,1,"gods-power-today","sermon","God's Power Today",NULL,48879917,48911452,"20120901-02.mp3","2012-09-02","Dr. Chris Stephens","2012-09-02 00:00:00","2012-09-02 00:00:00","2012-09-02 11:08:29"
241,75,NULL,"trailer","promo","Trailer",NULL,48820133,NULL,NULL,"2012-09-03",NULL,"2012-09-03 00:00:00","2012-09-03 00:00:00","2012-09-03 00:00:00"
242,75,1,"i-can-change","sermon","I Can Change",NULL,49312542,49378879,"20120908-09.mp3","2012-09-09","Dr. Chris Stephens","2012-09-09 00:00:00","2012-09-09 00:00:00","2012-09-09 14:06:11"
243,75,45,"what-is-your-response","sermon","What is Your Response?",NULL,49677813,49677861,"20120915-16.mp3","2012-09-16","Zac Stephens","2012-09-16 00:00:00","2012-09-16 00:00:00","2012-09-16 14:19:45"
244,75,1,"the-cycle-of-shame","sermon","The Cycle of Shame",NULL,50132063,50473982,"20120922-23.mp3","2012-09-23","Dr. Chris Stephens","2012-09-23 00:00:00","2012-09-23 00:00:00","2012-09-23 04:52:43"
245,75,1,"dont-bail-on-the-body","sermon","Don't Bail on the Body",NULL,50560000,50682554,"20120929-30.mp3","2012-09-30","Dr. Chris Stephens","2012-09-30 00:00:00","2012-09-30 00:00:00","2012-09-30 03:12:41"
246,76,NULL,"trailer","promo","Trailer",NULL,50474143,NULL,NULL,"2012-10-01",NULL,"2012-10-01 00:00:00","2012-10-01 00:00:00","2012-10-01 00:00:00"
247,76,1,"dont-bite-the-bait","sermon","Don't Bite the Bait",NULL,51073555,51158883,"20121006-07.mp3","2012-10-07","Dr. Chris Stephens","2012-10-07 00:00:00","2012-10-07 00:00:00","2012-10-06 23:19:39"
248,76,1,"the-trap-is-full","sermon","The Trap is Full",NULL,52496428,NULL,"20121013-14.mp3","2012-10-14","Dr. Chris Stephens","2012-10-14 00:00:00","2012-10-14 00:00:00","2012-10-13 23:17:40"
249,76,1,"let-it-go","sermon","Let It Go",NULL,52498442,52932898,"20121020-21.mp3","2012-10-21","Dr. Chris Stephens","2012-10-21 00:00:00","2012-10-21 00:00:00","2012-10-21 03:33:21"
250,77,1,"what-are-you-circling","sermon","What Are You Circling?",NULL,52929601,NULL,"20121027-28.mp3","2012-10-28","Dr. Chris Stephens","2012-10-28 00:00:00","2012-10-28 00:00:00","2013-09-12 18:16:54"
251,77,1,"keep-circling-the-city","sermon","Keep Circling the City",NULL,52959914,52940225,"20121103-04.mp3","2012-11-04","Dr. Chris Stephens","2012-11-04 00:00:00","2012-11-04 00:00:00","2012-11-04 02:11:16"
252,77,1,"draw-big-circles","sermon","Draw Big Circles",NULL,53428925,53358438,"20121110-11.mp3","2012-11-11","Dr. Chris Stephens","2012-11-11 00:00:00","2012-11-11 00:00:00","2012-11-11 03:29:28"
253,77,1,"heart-for-the-harvest","sermon","Heart for the Harvest",NULL,53879933,53886318,"20121117-18.mp3","2012-11-18","Dr. Chris Stephens","2012-11-18 00:00:00","2012-11-18 00:00:00","2012-11-18 03:38:22"
254,78,NULL,"trailer","promo","Trailer",NULL,53948228,NULL,NULL,"2012-11-19",NULL,"2012-11-19 00:00:00","2012-11-19 00:00:00","2012-11-19 00:00:00"
255,78,1,"though-he-slay-me","sermon","Though He Slay Me",NULL,54315742,54857982,"20121124-25.mp3","2012-11-25","Dr. Chris Stephens","2012-11-25 00:00:00","2012-11-25 00:00:00","2012-11-25 00:20:06"
256,78,1,"the-box-is-empty","sermon","The Box is Empty",NULL,54801770,54862214,"20121201-02.mp3","2012-12-02","Dr. Chris Stephens","2012-12-02 00:00:00","2012-12-02 00:00:00","2012-12-02 00:30:00"
257,78,1,"idol-of-approval","sermon","Idol of Approval",NULL,55373854,55211274,"20121208-09.mp3","2012-12-09","Dr. Chris Stephens","2012-12-09 00:00:00","2012-12-09 00:00:00","2012-12-09 00:18:19"
258,78,1,"innkeeper","sermon","Innkeeper",NULL,56039884,NULL,"20121215-16.mp3","2012-12-16","Dr. Chris Stephens","2012-12-16 00:00:00","2012-12-16 00:00:00","2012-12-16 00:29:46"
259,78,1,"as-a-little-child","sermon","As a Little Child",NULL,56729375,NULL,"20121222-23.mp3","2012-12-23","Dr. Chris Stephens","2012-12-23 00:00:00","2012-12-23 00:00:00","2012-12-23 00:13:45"
260,78,NULL,"fpkids-nativity-story","promo","fpKids Nativity Story",NULL,56720929,NULL,"","2012-12-24",NULL,"2012-12-24 00:00:00","2012-12-24 00:00:00","2012-12-24 00:00:00"
261,78,2,"if-you-believe-that-god-could","sermon","If You Believe that God Could...",NULL,56720907,NULL,"20121229-30.mp3","2012-12-30","Dr. Josh Whitehead","2012-12-30 00:00:00","2012-12-30 00:00:00","2012-12-30 00:15:29"
262,79,1,"personal-growth-plan","sermon","Personal Growth Plan",NULL,56928353,NULL,"20130105-06.mp3","2013-01-06","Dr. Chris Stephens","2013-01-06 00:00:00","2013-01-06 00:00:00","2013-01-06 00:14:13"
263,79,1,"he-will-crown-our-year","sermon","He Will Crown Our Year",NULL,57555249,NULL,"20130112-13.mp3","2013-01-13","Dr. Chris Stephens","2013-01-13 00:00:00","2013-01-13 00:00:00","2013-01-13 00:12:33"
264,79,1,"our-vips-are-pows","sermon","Our VIPs are POWs",NULL,58551030,NULL,"20130119-20.mp3","2013-01-20","Dr. Chris Stephens","2013-01-20 00:00:00","2013-01-20 00:00:00","2013-01-20 00:12:46"
265,79,1,"what-is-your-heart-dedicated-to","sermon","What is Your Heart Dedicated To?",NULL,58551031,NULL,"20130126-27.mp3","2013-01-27","Dr. Chris Stephens","2013-01-27 00:00:00","2013-01-27 00:00:00","2013-01-27 00:16:23"
266,81,1,"stretching-to-your-potential","sermon","Stretching to Your Potential",NULL,59070022,NULL,"20130202-03.mp3","2013-02-03","Dr. Chris Stephens","2013-02-03 00:00:00","2013-02-03 00:00:00","2013-02-03 14:32:16"
267,80,NULL,"trailer","promo","Trailer",NULL,58574181,NULL,NULL,"2013-02-04",NULL,"2013-02-04 00:00:00","2013-02-04 00:00:00","2013-02-04 00:00:00"
268,80,1,"pick-one","sermon","Pick One: Who Will You Serve?",NULL,59524383,NULL,"20130209-10.mp3","2013-02-10","Dr. Chris Stephens","2013-02-10 00:00:00","2013-02-10 00:00:00","2013-02-10 00:24:37"
269,80,25,"margin-the-key-to-financial-freedom","sermon","Margin: The Key to Financial Freedom",NULL,60113518,NULL,"20130216-17.mp3","2013-02-17","Matt Grimes","2013-02-17 00:00:00","2013-02-17 00:00:00","2013-02-17 00:16:14"
270,80,1,"make-money-your-slave","sermon","Make Money Your Slave",NULL,60917284,NULL,"20130223-24.mp3","2013-02-24","Dr. Chris Stephens","2013-02-24 00:00:00","2013-02-24 00:00:00","2013-02-24 00:16:47"
271,80,1,"generosity-the-heart-of-heaven","sermon","Generosity: The Heart of Heaven",NULL,61039069,NULL,"20130302-03.mp3","2013-03-03","Dr. Chris Stephens","2013-03-03 00:00:00","2013-03-03 00:00:00","2013-03-03 00:18:32"
272,82,NULL,"trailer","promo","Trailer",NULL,61203306,NULL,NULL,"2013-03-04",NULL,"2013-03-04 00:00:00","2013-03-04 00:00:00","2013-03-04 00:00:00"
273,82,1,"unmerited-favor","sermon","Unmerited Favor",NULL,61650656,NULL,"20130309-10.mp3","2013-03-10","Dr. Chris Stephens","2013-03-10 00:00:00","2013-03-10 00:00:00","2013-03-10 00:17:41"
274,82,1,"two-covenants","sermon","Two Covenants",NULL,62075664,NULL,"20130316-17.mp3","2013-03-17","Dr. Chris Stephens","2013-03-17 00:00:00","2013-03-17 00:00:00","2013-03-16 23:17:39"
275,82,1,"god-is-the-hero","sermon","God is the Hero",NULL,62608132,NULL,"20130323-24.mp3","2013-03-24","Dr. Chris Stephens","2013-03-24 00:00:00","2013-03-24 00:00:00","2013-03-23 23:21:46"
276,83,1,"easter-2013","sermon","Easter 2013",NULL,63090934,64330622,"20130330-31.mp3","2013-03-31","Dr. Chris Stephens","2013-03-31 00:00:00","2013-03-31 00:00:00","2013-03-31 02:10:01"
277,83,1,"shadows-film","sermon","Shadows - Short Film",NULL,63423859,NULL,NULL,"2013-04-07","Dr. Chris Stephens","2013-04-07 00:00:00","2013-04-07 00:00:00","2013-04-07 23:01:34"
278,84,NULL,"trailer","promo","Trailer",NULL,63877287,NULL,NULL,"2013-04-08",NULL,"2013-04-08 00:00:00","2013-04-08 00:00:00","2013-04-08 00:00:00"
279,84,1,"lets-talk-about-sex","sermon","Let's Talk About Sex",NULL,64070770,64328928,"20130413-14.mp3","2013-04-14","Dr. Chris Stephens","2013-04-14 00:00:00","2013-04-14 00:00:00","2013-04-14 01:56:00"
280,84,1,"why","sermon","Why?",NULL,64554252,NULL,"20130420-21.mp3","2013-04-21","Dr. Chris Stephens","2013-04-21 00:00:00","2013-04-21 00:00:00","2013-04-21 01:23:09"
281,84,1,"walk-this-way","sermon","Walk This Way",NULL,65054592,NULL,"20130427-28.mp3","2013-04-28","Dr. Chris Stephens","2013-04-28 00:00:00","2013-04-28 00:00:00","2013-04-28 00:55:22"
282,84,1,"which-way-do-i-go","sermon","Which Way Do I Go?",NULL,65568106,NULL,"20130504-05.mp3","2013-05-05","Dr. Chris Stephens","2013-05-05 00:00:00","2013-05-05 00:00:00","2013-05-05 12:30:42"
283,85,1,"mothers-day-2013","sermon","Mother's Day",NULL,68077056,NULL,"20130511-12.mp3","2013-05-12","Dr. Chris Stephens","2013-05-12 00:00:00","2013-05-12 00:00:00","2013-05-12 01:29:18"
284,86,NULL,"trailer","promo","Trailer",NULL,66211385,NULL,NULL,"2013-05-13",NULL,"2013-05-13 00:00:00","2013-05-13 00:00:00","2013-05-13 00:00:00"
285,86,94,"karm","sermon","Karm",NULL,68530441,NULL,"20130518-19.mp3","2013-05-19","Burt Rosen","2013-05-19 00:00:00","2013-05-19 00:00:00","2013-06-11 20:49:58"
286,86,2,"will-work-for-food","sermon","Will Work for Food",NULL,68530440,NULL,"20130525-26.mp3","2013-05-26","Dr. Josh Whitehead","2013-05-26 00:00:00","2013-05-26 00:00:00","2013-06-10 19:10:25"
287,86,1,"passport-2013-video","sermon","Passport 2013 Video",NULL,67730919,NULL,NULL,"2013-06-02","Dr. Chris Stephens","2013-06-02 00:00:00","2013-06-02 00:00:00","2013-06-02 00:00:00"
288,87,1,"an-army-for-his-glory","sermon","An Army for His Glory","Pastor Chris speaks from the book of Ezekiel to compare the church to the valley of dry bones. Christ's church in America needs revival. Will we learn to live for Him, or will we only seek our own comfort?",68056705,NULL,"20130608-09.mp3","2013-06-09","Dr. Chris Stephens","2013-06-09 00:00:00","2013-06-09 00:00:00","2013-06-10 19:07:47"
289,88,NULL,"trailer","promo","Trailer",NULL,68076458,NULL,NULL,"2013-06-10",NULL,"2013-06-10 00:00:00","2013-06-10 00:00:00","2013-06-10 00:00:00"
290,88,1,"what-are-you-passing-on","sermon","What Are You Passing On?",NULL,68533796,NULL,"20130615-16.mp3","2013-06-16","Dr. Chris Stephens","2013-06-16 00:00:00","2013-06-16 00:00:00","2013-06-16 01:37:48"
291,88,4,"what-women-want","sermon","What Women Want",NULL,69012456,NULL,"20130622-23.mp3","2013-06-23","Michele Stephens","2013-06-23 00:00:00","2013-06-23 00:00:00","2013-06-24 17:33:57"
292,88,2,"becoming-the-spiritual-leader","sermon","Becoming the Spiritual Leader",NULL,69472266,NULL,"20130629-30.mp3","2013-06-30","Dr. Josh Whitehead","2013-06-30 00:00:00","2013-06-30 00:00:00","2013-07-01 15:56:50"
293,88,NULL,"bobbleheads-larger-than-life","music-video","Bobbleheads - Larger Than Life",NULL,69469094,NULL,NULL,"2013-07-01",NULL,"2013-07-01 00:00:00","2013-07-01 14:01:21","2013-07-01 14:01:21"
294,89,25,"following-christ","sermon","Following Christ",NULL,69887882,NULL,"20130706-07.mp3","2013-07-07","Matt Grimes","2013-07-07 00:00:00","2013-07-03 20:57:09","2013-07-08 15:07:16"
295,90,NULL,"trailer","promo","Trailer",NULL,70038693,NULL,NULL,"2013-07-08",NULL,"2013-07-08 00:00:00","2013-07-10 14:46:59","2013-07-10 14:46:59"
296,90,1,"shift-happens","sermon","Shift Happens",NULL,70336568,NULL,"20130713-14.mp3","2013-07-14","Dr. Chris Stephens","2013-07-14 00:00:00","2013-07-03 20:59:15","2013-07-15 16:56:56"
297,90,1,"in-it-not-of-it","sermon","In It - Not of It",NULL,70792100,NULL,"20130720-21.mp3","2013-07-21","Dr. Chris Stephens","2013-07-21 00:00:00","2013-07-03 20:59:38","2013-07-22 18:48:49"
298,90,1,"real-faith-walkers","sermon","Real Faith Walkers",NULL,71297145,NULL,"20130727-28.mp3","2013-07-28","Dr. Chris Stephens","2013-07-28 00:00:00","2013-07-03 21:00:03","2013-07-30 01:54:26"
299,90,1,"dressed-for-success","sermon","Dressed for Success",NULL,71763977,NULL,"20130803-04.mp3","2013-08-04","Dr. Chris Stephens","2013-08-04 00:00:00","2013-08-01 01:48:10","2013-08-06 01:37:38"
300,91,1,"your-heart-is-a-hearth","sermon","Your Heart is a Hearth",NULL,72197976,NULL,"20130810-11.mp3","2013-08-11","Dr. Chris Stephens","2013-08-11 00:00:00","2013-08-07 20:57:21","2013-08-12 18:03:36"
301,91,NULL,"light-it-up-music-video","music-video","Light It Up - Faith Promise Music Video",NULL,72214136,NULL,NULL,"2013-08-12",NULL,"2013-08-12 00:00:00","2013-08-12 20:28:07","2013-08-12 20:28:07"
302,91,1,"he-is-calling-you-to-fire","sermon","He is Calling You to Fire",NULL,72679412,NULL,"20130817-18.mp3","2013-08-18","Dr. Chris Stephens","2013-08-18 00:00:00","2013-08-07 20:58:02","2013-08-20 16:33:31"
303,91,45,"tnt-for-your-fire","sermon","TNT for Your Fire",NULL,73167098,NULL,NULL,"2013-08-25","Zac Stephens","2013-08-25 00:00:00","2013-08-07 20:58:30","2013-08-28 21:47:52"
304,92,1,"principle-of-multiplication","sermon","Principle of Multiplication",NULL,74139907,NULL,"20130900-01.mp3","2013-09-01","Dr. Chris Stephens","2013-09-01 00:00:00","2013-08-07 20:59:53","2013-09-09 20:13:24"
305,92,NULL,"tithe-rap-2013","music-video","Tithe Rap 2013",NULL,73321737,NULL,NULL,"2013-09-02",NULL,"2013-09-02 00:00:00","2013-09-01 18:39:49","2013-09-01 18:39:49"
306,93,NULL,"trailer","promo","Trailer",NULL,73581246,NULL,NULL,"2013-09-03",NULL,"2013-09-03 00:00:00","2013-09-02 00:52:44","2013-09-03 11:14:20"
307,93,1,"do-you-have-faith-to-bring-your-friends","sermon","Do You Have Faith to Bring Your Friends?",NULL,74143617,NULL,"20130907-08.mp3","2013-09-08","Dr. Chris Stephens","2013-09-08 00:00:00","2013-08-07 21:16:32","2013-09-09 20:57:01"
308,93,1,"lets-get-harvesting","sermon","Let's Get Harvesting",NULL,74844189,NULL,"20130914-15.mp3","2013-09-15","Dr. Chris Stephens","2013-09-15 00:00:00","2013-08-07 21:16:57","2013-09-18 17:34:42"
309,93,45,"walk-across","sermon","Walk Across",NULL,75255757,NULL,"20130921-22.mp3","2013-09-22","Zac Stephens","2013-09-22 00:00:00","2013-08-07 21:17:17","2013-09-24 12:16:38"
310,94,NULL,"trailer","promo","Trailer",NULL,75436615,NULL,NULL,"2013-09-23",NULL,"2013-09-23 00:00:00","2013-09-26 12:48:41","2013-09-26 12:48:41"
311,94,1,"family-matters","sermon","Family Matters",NULL,75779476,NULL,"20130928-29.mp3","2013-09-29","Dr. Chris Stephens","2013-09-29 00:00:00","2013-08-09 02:46:44","2013-09-30 17:47:20"
312,94,1,"rules-of-engagement","sermon","Rules of Engagement",NULL,76362009,NULL,"20131005-06.mp3","2013-10-06","Dr. Chris Stephens","2013-10-06 00:00:00","2013-08-09 02:47:11","2013-10-07 19:30:10"
313,94,1,"whos-the-boss","sermon","Who's The Boss?",NULL,76904491,NULL,"20131012-13.mp3","2013-10-13","Dr. Chris Stephens","2013-10-13 00:00:00","2013-08-09 02:47:41","2013-10-14 22:00:05"
314,94,1,"is-church-optional","sermon","Is Church Optional?",NULL,77435969,NULL,"20131019-20.mp3","2013-10-20","Dr. Chris Stephens","2013-10-20 00:00:00","2013-08-09 02:48:12","2013-10-22 13:34:37"
315,95,NULL,"trailer","promo","Trailer",NULL,77616970,NULL,NULL,"2013-10-21",NULL,"2013-10-21 00:00:00","2013-10-02 21:53:59","2013-10-23 17:21:58"
316,95,1,"awed","sermon","Awed",NULL,77999788,NULL,"Awed.mp3","2013-10-27","Dr. Chris Stephens","2013-10-27 00:00:00","2013-10-02 21:54:21","2013-10-28 19:10:40"
317,95,NULL,"mirror-intro","music-video","Mirror - Sermon Intro",NULL,77970360,NULL,NULL,"2013-10-28",NULL,"2013-10-28 00:00:00","2013-10-28 13:06:10","2013-10-28 13:06:10"
318,95,1,"faith-first","sermon","Faith First",NULL,78569740,NULL,"20131102-03.mp3","2013-11-03","Dr. Chris Stephens","2013-11-03 00:00:00","2013-10-02 21:54:44","2013-11-05 16:12:43"
319,95,1,"restoration-costs","sermon","Restoration Costs",NULL,NULL,NULL,"20131109-10.mp3","2013-11-10","Dr. Chris Stephens","2013-11-10 00:00:00","2013-10-02 21:55:16","2013-11-11 20:39:32"
320,95,1,"burden-and-ease","sermon","Burden and Ease",NULL,79896320,NULL,"20131116-18.mp3","2013-11-17","Dr. Chris Stephens","2013-11-17 00:00:00","2013-10-02 21:55:59","2013-11-25 21:30:05"
321,96,2,"we-give-thanks","sermon","We Give Thanks",NULL,80298570,NULL,"20131123-24.mp3","2013-11-24","Dr. Josh Whitehead","2013-11-24 00:00:00","2013-10-02 22:05:40","2013-11-25 21:29:35"
322,97,1,"the-faithful-adore-him","sermon","The Faithful Adore Him",NULL,80826201,NULL,"20131130-01.mp3","2013-12-01","Dr. Chris Stephens","2013-12-01 00:00:00","2013-11-14 22:46:50","2013-12-02 20:19:09"
323,97,1,"worthy-to-be-adored","sermon","Worthy to Be Adored",NULL,81416910,NULL,"20131207-08.mp3","2013-12-08","Dr. Chris Stephens","2013-12-08 00:00:00","2013-11-14 22:47:20","2013-12-09 19:10:53"
324,97,1,"angels-anonymous","sermon","Angels Anonymous",NULL,82024122,NULL,NULL,"2013-12-15","Dr. Chris Stephens","2013-12-15 00:00:00","2013-11-14 22:48:09","2013-12-16 19:49:49"
325,97,1,"we-give-him-all-the-glory","sermon","We Give Him All The Glory!",NULL,84232713,NULL,"20131221-22.mp3","2013-12-22","Dr. Chris Stephens","2013-12-22 00:00:00","2013-11-14 22:48:40","2014-01-15 18:58:24"
326,98,1,"the-best-is-yet-to-com","sermon","The Best is Yet to Come",NULL,83346764,NULL,"20131228-29.mp3","2013-12-29","Dr. Chris Stephens","2013-12-29 00:00:00","2013-11-14 22:58:51","2014-01-14 15:00:33"
327,99,1,"the-heavenly-law","sermon","The Heavenly Law",NULL,84151578,NULL,"20140104-05.mp3","2014-01-05","Dr. Chris Stephens","2014-01-05 00:00:00","2013-12-16 20:08:54","2014-01-14 19:47:12"
328,99,1,"migration-of-hope","sermon","Migration of Hope",NULL,84151552,NULL,"20140111-12.mp3","2014-01-12","Dr. Chris Stephens","2014-01-12 00:00:00","2013-12-16 20:09:22","2014-01-14 19:39:11"
329,99,1,"sowing-seeds-and-pulling-weeds","sermon","Sowing Seeds and Pulling Weeds",NULL,84679747,NULL,"20140118-19.mp3","2014-01-19","Dr. Chris Stephens","2014-01-19 00:00:00","2013-12-16 20:09:48","2014-01-21 15:41:37"
330,100,NULL,"trailer","promo","Trailer",NULL,84553169,NULL,NULL,"2014-01-20",NULL,"2014-01-20 00:00:00","2014-01-20 16:07:45","2014-01-20 16:07:45"
331,99,1,"where-is-your-treasure","sermon","Where's Your Treasure?",NULL,85374904,NULL,"20140125-26.mp3","2014-01-26","Dr. Chris Stephens","2014-01-26 00:00:00","2013-12-16 20:10:15","2014-01-29 23:56:42"
332,100,1,"i-love-my-church","sermon","I Love My Church",NULL,85831721,NULL,"20140201-02.mp3","2014-02-02","Dr. Chris Stephens","2014-02-02 00:00:00","2013-12-16 20:29:52","2014-02-04 16:06:12"
333,100,1,"winning-the-war","sermon","Winning the War",NULL,86333159,NULL,"20140208-09.mp3","2014-02-09","Dr. Chris Stephens","2014-02-09 00:00:00","2013-12-16 20:30:16","2014-02-11 14:23:18"
334,100,1,"radical-love","sermon","Radical Love",NULL,86902521,NULL,"20140215-16.mp3","2014-02-16","Dr. Chris Stephens","2014-02-16 00:00:00","2013-12-16 20:30:39","2014-02-24 14:14:45"
335,100,25,"overcoming-generational-tension","sermon","Overcoming Generation Tension",NULL,87471720,NULL,"20140222-23.mp3","2014-02-23","Matt Grimes","2014-02-23 00:00:00","2013-12-16 20:31:06","2014-02-26 23:06:35"
336,101,1,"I Am Recovery","sermon","I Am Recovery",NULL,88072439,NULL,"20140301-02.mp3","2014-03-02","Dr. Chris Stephens","2014-03-02 00:00:00","2014-02-13 00:17:13","2014-03-03 19:12:14"
337,101,45,"forgiveness-true-strength","sermon","Forgiveness: True Strength",NULL,88672735,NULL,"20140308-09.mp3","2014-03-09","Zac Stephens","2014-03-09 00:00:00","2014-02-13 00:17:42","2014-03-12 01:43:20"
338,102,2,"life-that-is-truly-life","sermon","Life That is Truly Life",NULL,89326447,NULL,"20140315-16.mp3","2014-03-16","Dr. Josh Whitehead","2014-03-16 00:00:00","2014-02-13 00:22:56","2014-03-17 19:37:42"
339,102,1,"do-we-have-his-heart","sermon","Do We Have His Heart?",NULL,89938227,NULL,"Do We Have His Heart_.mp3","2014-03-23","Dr. Chris Stephens","2014-03-23 00:00:00","2014-02-13 00:23:20","2014-03-25 14:04:59"
340,102,1,"a-heart-for-the-world","sermon","A Heart for the World",NULL,90541326,NULL,"20140329-30.mp3","2014-03-30","Dr. Chris Stephens","2014-03-30 00:00:00","2014-02-13 00:23:41","2014-03-31 18:58:04"
341,103,1,"trailer","sermon","Trailer",NULL,88174584,NULL,NULL,"2014-04-05","Dr. Chris Stephens","2014-04-05 00:00:00","2014-04-02 19:41:00","2014-04-06 02:00:03"
342,103,1,"faith-creates-expectation","sermon","Faith Creates Expectation",NULL,91328865,NULL,"20140404-05.mp3","2014-04-06","Dr. Chris Stephens","2014-04-06 00:00:00","2014-03-25 15:27:35","2014-04-07 18:17:38"
343,103,1,"the-power-of-a-question","sermon","The Power of a Question",NULL,91946970,NULL,"20140404-05.mp3","2014-04-13","Dr. Chris Stephens","2014-04-13 00:00:00","2014-03-25 15:28:42","2014-04-16 15:02:07"
344,103,1,"easter-2014","sermon","Easter 2014",NULL,92956229,NULL,NULL,"2014-04-20","Dr. Chris Stephens","2014-04-20 00:00:00","2014-03-25 15:29:10","2014-04-25 19:24:56"
345,103,1,"ruined-to-glorious","sermon","Ruined to Glorious",NULL,93147909,NULL,"Ruined to Glorious.mp3","2014-04-27","Dr. Chris Stephens","2014-04-27 00:00:00","2014-03-25 15:29:29","2014-04-28 15:08:44"
346,103,1,"ruins-come-to-life","sermon","Ruins Come To Life",NULL,94017207,NULL,"20140503-04.mp3","2014-05-04","Dr. Chris Stephens","2014-05-04 00:00:00","2014-03-25 15:30:06","2014-05-05 17:01:10"
347,104,4,"mothers-day-2014","sermon","Mother's Day 2014",NULL,95005444,NULL,"20140510-11.mp3","2014-05-11","Michele Stephens","2014-05-11 00:00:00","2014-05-06 20:04:53","2014-05-13 21:19:48"
348,105,NULL,"trailer","promo","Trailer",NULL,95146034,NULL,NULL,"2014-05-12",NULL,"2014-05-12 00:00:00","2014-05-13 14:33:01","2014-05-13 14:33:01"
349,105,1,"heart-of-intercession","sermon","Heart of Intercession",NULL,95780693,NULL,"20140517-18.mp3","2014-05-18","Dr. Chris Stephens","2014-05-18 00:00:00","2014-05-06 20:08:12","2014-05-19 19:34:52"
350,105,1,"rooted-in-him","sermon","Rooted in Him",NULL,96526245,NULL,"20140524-25.mp3","2014-05-25","Dr. Chris Stephens","2014-05-25 00:00:00","2014-05-06 20:08:29","2014-05-27 13:42:02"
351,105,1,"rooted-in-what-he-did","sermon","Rooted in What He Did",NULL,97223059,NULL,"20140601-01.mp3","2014-06-01","Dr. Chris Stephens","2014-06-01 00:00:00","2014-05-06 20:08:47","2014-06-09 13:46:47"
352,105,1,"rooted-in-a-process","sermon","Rooted in a Process ",NULL,97861357,NULL,"20140607-08.mp3","2014-06-08","Dr. Chris Stephens","2014-06-08 00:00:00","2014-05-06 20:09:08","2014-06-10 20:47:19"
353,104,1,"dads-embrace-grace","sermon","Dads Embrace Grace",NULL,98551758,NULL,"20140614-15.mp3","2014-06-15","Dr. Chris Stephens","2014-06-15 00:00:00","2014-05-06 20:10:55","2014-06-18 19:27:04"
354,105,1,"rooted-in-freedom","sermon","Rooted in Freedom",NULL,98970704,NULL,"20140621-22.mp3","2014-06-22","Dr. Chris Stephens","2014-06-22 00:00:00","2014-05-06 21:14:16","2014-06-24 02:59:31"
355,105,25,"whats-in-your-closet","sermon","What's in Your Closet?",NULL,99545625,NULL,"20140628-29.mp3","2014-06-29","Matt Grimes","2014-06-29 00:00:00","2014-05-06 21:15:30","2014-06-30 19:27:02"
356,105,2,"dressed-for-success","sermon","Dressed for Success",NULL,100310026,NULL,"20140705-06.mp3","2014-07-06","Dr. Josh Whitehead","2014-07-06 00:00:00","2014-05-06 21:16:04","2014-07-12 22:27:18"
357,105,1,"theres-more-where-that-came-from","sermon","There's More Where That Came From",NULL,100729243,NULL,"20140712-13.mp3","2014-07-13","Dr. Chris Stephens","2014-07-13 00:00:00","2014-05-06 21:16:27","2014-07-14 21:08:12"
358,105,1,"rooted-in-family","sermon","Rooted in Family",NULL,101319129,NULL,"20140719_20.mp3","2014-07-20","Dr. Chris Stephens","2014-07-20 00:00:00","2014-07-17 14:05:55","2014-07-21 18:10:47"
359,105,1,"rooted-in-serving","sermon","Rooted in Serving",NULL,102024483,NULL,"20140726_27.mp3","2014-07-27","Dr. Chris Stephens","2014-07-27 00:00:00","2014-07-17 14:07:03","2014-07-29 18:42:53"
360,106,NULL,"trailer","promo","Trailer",NULL,102165659,NULL,NULL,"2014-08-02",NULL,"2014-08-02 00:00:00","2014-07-31 18:41:44","2014-07-31 18:41:44"
361,106,1,"under-the-influence","sermon","Under the Influence",NULL,102470692,NULL,"20140801_02.mp3","2014-08-03","Dr. Chris Stephens","2014-08-03 00:00:00","2014-07-26 22:29:17","2014-08-04 02:58:09"
362,106,1,"lock-the-doors","sermon","Lock the Doors",NULL,103054480,NULL,"20140809_10.mp3","2014-08-10","Dr. Chris Stephens","2014-08-10 00:00:00","2014-07-26 22:29:48","2014-08-12 05:40:34"
363,106,1,"permission-granted","sermon","Permission Granted",NULL,103707633,NULL,"20140816_17Permission Granted.mp3","2014-08-17","Dr. Chris Stephens","2014-08-17 00:00:00","2014-07-26 22:30:09","2014-08-19 19:20:52"
364,106,1,"believers-in-bondage","sermon","Believers in Bondage",NULL,104300986,NULL,"Believers in Bondage.mp3","2014-08-24","Dr. Chris Stephens","2014-08-24 00:00:00","2014-07-26 22:30:41","2014-08-26 13:35:34"
365,106,NULL,"demons","music-video","Demons Video",NULL,104130492,NULL,NULL,"2014-08-25",NULL,"2014-08-25 00:00:00","2014-08-25 01:28:05","2014-08-25 01:28:05"
366,106,1,"set-free-and-stay-free","sermon","Set Free & Stay Free",NULL,105033507,NULL,"20140830_31.mp3","2014-08-31","Dr. Chris Stephens","2014-08-31 00:00:00","2014-07-26 22:31:35","2014-09-02 17:27:41"
367,107,NULL,"trailer","promo","Trailer",NULL,104133081,NULL,NULL,"2014-09-06",NULL,"2014-09-06 00:00:00","2014-08-22 20:35:55","2014-08-22 20:35:55"
368,107,1,"but-god","sermon","But God",NULL,105557641,NULL,"20140906_07.mp3","2014-09-07","Dr. Chris Stephens","2014-09-07 00:00:00","2014-08-04 15:50:55","2014-09-08 15:09:40"
369,107,1,"quit-hiding","sermon","Quit Hiding",NULL,106174724,NULL,"20140913_14.mp3","2014-09-14","Dr. Chris Stephens","2014-09-14 00:00:00","2014-08-04 15:51:29","2014-09-15 13:50:41"
370,107,45,"choosing-to-trust-rather-than-please","sermon","Choosing to Trust Rather Than Please",NULL,106820459,NULL,"20140920_21.mp3","2014-09-21","Zac Stephens","2014-09-21 00:00:00","2014-08-04 15:51:56","2014-09-22 21:08:55"
371,107,1,"let-it-go","sermon","Let it Go",NULL,107475321,NULL,"20140927_28.mp3","2014-09-28","Dr. Chris Stephens","2014-09-28 00:00:00","2014-08-04 15:52:21","2014-09-29 15:08:47"
372,108,NULL,"trailer","promo","Trailer",NULL,107382611,NULL,NULL,"2014-10-04",NULL,"2014-10-04 00:00:00","2014-09-24 20:49:01","2014-09-28 11:55:44"
373,108,1,"will-you-stand-out","sermon","Will You Stand Out?",NULL,108127420,NULL,"Will You Stand Out_.mp3","2014-10-05","Dr. Chris Stephens","2014-10-05 00:00:00","2014-09-24 20:47:38","2014-10-06 17:49:19"
374,108,1,"what-are-they-thinking","sermon","What Are They Thinking?",NULL,108790343,NULL,"20141011_12.mp3","2014-10-12","Dr. Chris Stephens","2014-10-12 00:00:00","2014-09-24 20:48:08","2014-10-13 14:41:15"
375,108,4,"whats-your-hashtag","sermon","What's Your Hashtag",NULL,109460938,NULL,"20141018_19.mp3","2014-10-19","Michele Stephens","2014-10-19 00:00:00","2014-09-24 20:48:32","2014-10-21 21:05:11"
376,109,NULL,"trailer","promo","Trailer",NULL,109943424,NULL,NULL,"2014-10-25",NULL,"2014-10-25 00:00:00","2014-09-24 20:54:13","2014-10-24 19:46:38"
377,109,1,"how-did-we-get-here","sermon","How Did We Get Here?",NULL,110140170,NULL,"20141025_26.mp3","2014-10-26","Dr. Chris Stephens","2014-10-26 00:00:00","2014-09-24 20:54:34","2014-10-27 15:02:33"
378,109,1,"the-crossroads-of-faith-and-fear","sermon","The Crossroads of Faith & Fear",NULL,110786066,NULL,"20141101_02.mp3","2014-11-02","Dr. Chris Stephens","2014-11-02 00:00:00","2014-09-24 20:54:59","2014-11-03 17:16:08"
379,109,1,"to-make-a-difference","sermon","To Make A Difference",NULL,111427877,NULL,"20141108_09.mp3","2014-11-09","Dr. Chris Stephens","2014-11-09 00:00:00","2014-09-24 20:55:26","2014-11-10 18:35:53"
380,109,1,"to-bring-him-glory","sermon","To Bring Him Glory",NULL,112066638,NULL,"20141115_16.mp3","2014-11-16","Dr. Chris Stephens","2014-11-16 00:00:00","2014-09-24 20:55:48","2014-11-17 16:15:24"
381,110,1,"the-grenade-of-gratitude","sermon","The Grenade of Gratitude",NULL,112711971,NULL,"20141122_23.mp3","2014-11-23","Dr. Chris Stephens","2014-11-23 00:00:00","2014-11-19 16:26:40","2014-11-24 17:25:03"
382,110,1,"watchmen","sermon","Watchmen",NULL,113333005,NULL,"20141129_30.mp3","2014-11-30","Dr. Chris Stephens","2014-11-30 00:00:00","2014-11-29 17:21:05","2014-12-02 15:06:25"
383,111,NULL,"series-promo","promo","Series Promo",NULL,112595022,NULL,NULL,"2014-12-01",NULL,"2014-12-01 00:00:00","2014-11-21 19:10:31","2014-11-24 02:31:57"
384,111,1,"distracted","sermon","Distracted",NULL,113920433,NULL,"20141206_07.mp3","2014-12-07","Dr. Chris Stephens","2014-12-07 00:00:00","2014-12-04 13:52:50","2014-12-08 17:26:36"
385,111,1,"herod-power-and-control","sermon","Herod - Power & Control",NULL,114563273,NULL,"20141213_14.mp3","2014-12-14","Dr. Chris Stephens","2014-12-14 00:00:00","2014-12-12 03:54:22","2014-12-15 16:48:42"
386,111,1,"mary-when-the-unexpected-happens","sermon","Mary - When The Unexpected Happens",NULL,115183618,NULL,"20141220_21.mp3","2014-12-21","Dr. Chris Stephens","2014-12-21 00:00:00","2014-12-18 15:19:15","2014-12-22 16:45:14"
387,112,1,"2014-end-of-year-recap","sermon","2014 End-of-Year Recap",NULL,115574815,NULL,"20141227_28.mp3","2014-12-28","Dr. Chris Stephens","2014-12-28 00:00:00","2014-12-29 16:15:35","2014-12-29 20:31:16"
388,113,NULL,"series-promo","promo","Series Promo",NULL,115878775,NULL,NULL,"2015-01-02",NULL,"2015-01-02 00:00:00","2015-01-04 04:45:22","2015-01-04 04:45:22"
389,113,1,"planted-in-the-house","sermon","Planted in the House",NULL,115980146,NULL,"20150104_05.mp3","2015-01-04","Dr. Chris Stephens","2015-01-04 00:00:00","2015-01-05 15:58:44","2015-01-06 19:23:15"
390,113,1,"15-minute-chair-challenge","sermon","15 Minute Chair Challenge",NULL,116552147,NULL,"20150110_11.mp3","2015-01-11","Dr. Chris Stephens","2015-01-11 00:00:00","2015-01-04 04:45:59","2015-01-12 15:43:23"
391,113,1,"focus-equals-progress","sermon","Focus = Progress",NULL,117177542,NULL,"20150117_18.mp3","2015-01-18","Dr. Chris Stephens","2015-01-18 00:00:00","2015-01-14 21:33:37","2015-01-19 18:39:14"
392,113,1,"thinking-for-a-change","sermon","Thinking for a Change",NULL,117809597,NULL,"20150124_25.mp3","2015-01-25","Dr. Chris Stephens","2015-01-25 00:00:00","2015-01-22 13:37:43","2015-01-26 16:28:01"
393,114,NULL,"series-promo","promo","Series Promo",NULL,118139104,NULL,NULL,"2015-01-26",NULL,"2015-01-26 00:00:00","2015-01-26 16:33:44","2015-01-30 03:58:59"
394,114,NULL,"series-promo-2","promo","Series Promo (part 2)",NULL,118139651,NULL,NULL,"2015-01-29",NULL,"2015-01-29 00:00:00","2015-01-30 04:00:09","2015-01-30 04:00:09"
395,113,1,"bonus-sermon-1","sermon","Bonus Sermon #1",NULL,118352805,NULL,NULL,"2015-01-31","Dr. Chris Stephens","2015-01-31 00:00:00","2015-01-31 21:20:21","2015-01-31 21:20:21"
396,113,1,"bonus-sermon-2","sermon","Bonus Sermon #2",NULL,118355722,NULL,NULL,"2015-01-31","Dr. Chris Stephens","2015-01-31 00:00:00","2015-01-31 21:22:08","2015-01-31 21:22:08"
397,114,1,"20th-anniversary-celebration","sermon","20th Anniversary Celebration",NULL,118490011,NULL,"20150131_01.mp3","2015-02-01","Dr. Chris Stephens","2015-02-01 00:00:00","2015-01-28 15:45:56","2015-02-02 16:02:01"
398,114,1,"nowhere","sermon","Nowhere",NULL,119133867,NULL,"20150207_08.mp3","2015-02-08","Dr. Chris Stephens","2015-02-08 00:00:00","2015-02-09 16:07:43","2015-02-09 16:09:09"
399,114,1,"desperate-and-dependant","sermon","Desperate & Dependant",NULL,119754317,NULL,"20150214_15.mp3","2015-02-15","Dr. Chris Stephens","2015-02-15 00:00:00","2015-02-12 15:15:18","2015-02-16 14:39:43"
400,115,NULL,"series-promo","promo","Series Promo",NULL,118935032,NULL,NULL,"2015-02-16",NULL,"2015-02-16 00:00:00","2015-01-27 21:24:53","2015-02-10 15:20:10"
401,115,1,"going-for-satans-jugular","sermon","Going For Satan's Jugular",NULL,120374396,NULL,"20150221_22.mp3","2015-02-22","Dr. Chris Stephens","2015-02-22 00:00:00","2015-02-23 16:11:33","2015-02-23 16:42:30"
402,115,1,"a-rifle-barrel-focus","sermon","A Rifle Barrel Focus",NULL,121060528,NULL,"20150229_01.mp3","2015-03-01","Dr. Chris Stephens","2015-03-01 00:00:00","2015-03-02 19:26:20","2015-03-02 19:26:59"
403,115,1,"faith-or-fear","sermon","Faith or Fear?",NULL,121684418,NULL,"20150307_08.mp3","2015-03-08","Dr. Chris Stephens","2015-03-08 00:00:00","2015-03-09 16:34:09","2015-03-09 18:34:02"
404,115,25,"saving-and-investing","sermon","Saving & Investing",NULL,122326042,NULL,"20150314_15.mp3","2015-03-15","Matt Grimes","2015-03-15 00:00:00","2015-03-16 15:49:31","2015-03-18 15:48:23"
405,116,1,"easter-explosion","sermon","Easter Explosion",NULL,122977703,NULL,"20150321_22.mp3","2015-03-22","Dr. Chris Stephens","2015-03-22 00:00:00","2015-03-23 18:21:00","2015-03-23 18:27:14"
406,116,1,"we-are-a-team","sermon","We are a Team",NULL,123647693,NULL,"20150328_29.mp3","2015-03-29","Dr. Chris Stephens","2015-03-29 00:00:00","2015-03-30 18:43:47","2015-03-30 18:59:54"
407,117,1,"he-took-my-place","sermon","He Took My Place",NULL,124210642,NULL,"20150404_05.mp3","2015-04-05","Dr. Chris Stephens","2015-04-05 00:00:00","2015-04-06 20:51:24","2015-04-06 20:54:24"
408,118,NULL,"trailer","promo","Trailer",NULL,124418270,NULL,NULL,"2015-04-06",NULL,"2015-04-06 00:00:00","2015-04-08 15:41:52","2015-04-08 15:41:52"
409,118,1,"what-are-the-four-cups","sermon","What are the Four Cups?",NULL,125095114,NULL,"20150411_12.mp3","2015-04-12","Dr. Chris Stephens","2015-04-12 00:00:00","2015-04-16 02:04:56","2015-04-16 02:05:37"
410,118,1,"set-apart-for-a-higher-purpose","sermon","Set Apart for a Higher Purpose",NULL,125461794,NULL,"20150418_19.mp3","2015-04-19","Dr. Chris Stephens","2015-04-19 00:00:00","2015-04-16 02:07:35","2015-04-20 14:24:23"
411,118,1,"drinking-deeply-of-deliverance","sermon","Drinking Deeply of Deliverance",NULL,126129496,NULL,"20150425_26.mp3","2015-04-26","Dr. Chris Stephens","2015-04-26 00:00:00","2015-04-22 18:37:01","2015-04-27 20:33:58"
412,118,1,"your-original-intent","sermon","Your Original Intent",NULL,126801906,NULL,"20150502_03.mp3","2015-05-03","Dr. Chris Stephens","2015-05-03 00:00:00","2015-05-04 14:15:13","2015-05-04 14:15:59"
413,118,1,"the-ultimate-fulfillment","sermon","The Ultimate Fulfillment",NULL,127497144,NULL,"20150502_03.mp3","2015-05-10","Dr. Chris Stephens","2015-05-10 00:00:00","2015-05-11 16:03:17","2015-05-11 21:59:08"
414,119,NULL,"series-promo","promo","Series Promo","Whether we mean to or not, we compare our unfiltered lives to images of perfection paraded across our screens each day. Join us for a five-week series called #NoFilter as we discover the freedom we have in Christ to live outside the trap of comparison.",126834585,NULL,NULL,"2015-05-11",NULL,"2015-05-11 00:00:00","2015-05-05 22:19:43","2015-05-06 00:58:18"
415,118,NULL,"mothers-day-song-2015","music-video","Mother's Day Song",NULL,127442991,NULL,NULL,"2015-05-11",NULL,"2015-05-11 00:00:00","2015-05-11 03:02:47","2015-05-11 03:02:47"
416,119,45,"just-call-me-jacob","sermon","Just Call Me Jacob",NULL,128150143,NULL,"Just Call Me Jacob.mp3","2015-05-17","Zac Stephens","2015-05-17 00:00:00","2015-05-16 22:29:15","2015-05-18 19:44:59"
417,119,25,"starving-sons","sermon","Starving Sons",NULL,128883767,NULL,"Starving Sons.mp3","2015-05-24","Matt Grimes","2015-05-24 00:00:00","2015-05-24 16:13:25","2015-05-27 14:22:46"
418,119,1,"back-to-bethel","sermon","Back to Bethel",NULL,129441374,NULL,"20150530_31.mp3","2015-05-31","Dr. Chris Stephens","2015-05-31 00:00:00","2015-05-27 19:57:51","2015-06-01 15:18:23"
419,119,NULL,"perfection-within-imperfection","sermon","Perfection Within Imperfection",NULL,130103198,NULL,"20150606_07.mp3","2015-06-07","Micah Stephens","2015-06-07 00:00:00","2015-06-08 15:14:19","2015-06-08 15:23:06"
420,119,1,"what-will-you-call-it","sermon","What Will You Call It?",NULL,130764244,NULL,"20150613_14.mp3","2015-06-14","Dr. Chris Stephens","2015-06-14 00:00:00","2015-06-15 15:47:06","2015-06-15 17:16:03"
421,120,NULL,"series-promo","promo","Series Promo",NULL,131027750,NULL,NULL,"2015-06-15",NULL,"2015-06-15 00:00:00","2015-06-17 21:55:21","2015-06-17 21:55:21"
422,120,1,"rise-up-men-of-god","sermon","Rise Up Men of God",NULL,131436313,NULL,"20150620_21.mp3","2015-06-21","Dr. Chris Stephens","2015-06-21 00:00:00","2015-06-22 14:57:27","2015-06-22 15:51:08"
423,120,45,"rise-up-and-fight","sermon","Rise Up and Fight",NULL,132014669,NULL,"20150627_28.mp3","2015-06-28","Zac Stephens","2015-06-28 00:00:00","2015-06-29 16:49:57","2015-06-29 16:51:01"
424,120,2,"rise-up-and-be-the-church","sermon","Rise Up and Be the Church",NULL,132719228,NULL,"20150705.MP3","2015-07-05","Dr. Josh Whitehead","2015-07-05 00:00:00","2015-07-06 15:55:25","2015-07-06 17:38:22"
